analysis_id,outcome,measure,scenario,ci_method,p_method,k,estimate,ci_low,ci_high,p_value,tau2,i2,cochrane_estimate,cochrane_ci_low,cochrane_ci_high,cochrane_p_value,cochrane_ci_method,abs_estimate_difference,abs_ci_low_difference,abs_ci_high_difference,abs_p_value_difference
1.1,ADAS-Cog scale at 18 months,SMD,Cochrane class pool,HKSJ,Wald/z,13,-0.11064448475099421,-0.1595158023712508,-0.06177316713073764,5.31694690429499e-7,6.30164670436144e-4,10.063043484523723,-0.11064536398214196,-0.15951584540997393,-0.06177488255430993,5.310067995745564e-7,HKSJ,8.792311477490156e-7,4.303872314093127e-8,1.715423572287711e-6,6.878908549426044e-10
1.2,ADAS-Cog scale at 24 months,SMD,Cochrane class pool,Wald,Wald/z,2,-0.2134511150771982,-0.8099558948678978,0.38305366471350144,0.4830868444649154,0.13068342239449993,67.81723560627916,-0.21345111507719816,-0.809955894867898,0.38305366471350166,0.4830868494247262,Wald,2.7755575615628914e-17,2.220446049250313e-16,2.220446049250313e-16,4.959810784299634e-9
1.3,ADAS-Cog scale above 24 months,SMD,Cochrane class pool,Wald,Wald/z,2,-0.11765498742004359,-0.20631186107373514,-0.02899811376635203,0.009294325651543764,0,0,-0.11765498742004356,-0.20631186107373511,-0.02899811376635204,0.00929432565116569,Wald,2.7755575615628914e-17,2.7755575615628914e-17,1.0408340855860843e-17,3.780743079717652e-13
1.4,MMSE scale at 18 months,SMD,Cochrane class pool,HKSJ,Wald/z,8,0.11479570285245187,0.04137632887883533,0.18821507682606842,5.299050837831771e-6,1.9716864451821197e-6,0.03456161596491084,0.11479688442020251,0.04139533287165933,0.18819843596874575,5.25886905125e-6,HKSJ,1.1815677506410438e-6,1.900399282400017e-5,1.664085732266951e-5,4.018178658177087e-8
1.5,MMSE scale at 24 months,SMD,Cochrane class pool,HKSJ,Wald/z,2,-0.041428372164212565,-1.4277564297338967,1.3448996854054716,0.7598232522121194,0,0,-0.04142837216421256,-1.427756429780876,1.3448996854524509,0.7598232526480787,HKSJ,6.938893903907228e-18,4.6979309331618424e-11,4.6979309331618424e-11,4.359592686853375e-10
1.6,ADAS-Cog 24 months mean difference,MD,Cochrane class pool,Wald,Wald/z,2,-1.4055037783375324,-5.245306413837063,2.4342988571619975,0.4731172993008963,5.423950000000001,68.82792226332252,-1.4055037783375313,-5.24530641383706,2.4342988571619975,0.473117304593097,Wald,1.1102230246251565e-15,2.6645352591003757e-15,0,5.292200677686765e-9
2.1,CDR-SB scale at 18 months,SMD,Cochrane class pool,HKSJ,Wald/z,9,-0.12360704450684494,-0.2431373516407464,-0.004076737372943479,0.005910454152600867,0.00992017602479526,67.0327253844976,-0.12360717841703496,-0.24313682520931665,-0.00407753162475324,0.00590977227713378,HKSJ,1.3391019001995907e-7,5.264314297537265e-7,7.942518097615522e-7,6.818754670866178e-7
2.2,CDR-SB scale at 24 months,SMD,Cochrane class pool,HKSJ,Wald/z,2,0.031545498817869146,-0.955748096895335,1.0188390945310732,0.8164129089891102,0,0,0.03154549881786915,-0.955748096928792,1.0188390945645305,0.8164129091761425,HKSJ,6.938893903907228e-18,3.345701493628894e-11,3.345723698089387e-11,1.8703227855354498e-10
2.3,CDR-SB scale above 24 months,SMD,Cochrane class pool,Wald,Wald/z,2,-0.07010296517035747,-0.1587119765097488,0.01850604616903387,0.12099174319043722,0,0,-0.07010296517035751,-0.15871197650974886,0.01850604616903384,0.12099174318573654,Wald,4.163336342344337e-17,5.551115123125783e-17,2.7755575615628914e-17,4.700684286262913e-12
2.4,CDR-SB 24 months mean difference,MD,Cochrane class pool,Wald,Wald/z,2,0.03187919463087242,-0.6425001302343454,0.7062585194960902,0.9261806438041792,0,0,0.0318791946308725,-0.6425001302343453,0.7062585194960903,0.9261806438098364,Wald,7.632783294297951e-17,1.1102230246251565e-16,1.1102230246251565e-16,5.657252444279948e-12
3.1,DAD total score at 18 months,SMD,Cochrane class pool,HKSJ,Wald/z,4,0.04141224471514686,-0.15981967207131642,0.2426441615016101,0.5310752567244994,0.008246332150662004,47.339757601024054,0.04141223915587343,-0.15981990507286503,0.24264438338461192,0.5310689375588362,HKSJ,5.559273430488787e-9,2.3300154861072286e-7,2.2188300180525644e-7,6.319165663182247e-6
3.2,ADCS-ADL score at 18 months,SMD,Cochrane class pool,HKSJ,Wald/z,3,0.09178831812571328,0.026397093158122498,0.15717954309330406,0.006832780826407155,0,0,0.09178831812571328,0.0263970930707882,0.15717954318063831,0.00683278082615753,HKSJ,0,8.73342960450163e-11,8.733425094220593e-11,2.4962497346958656e-13
3.3,ADCS-ADL score at 24 months,SMD,Cochrane class pool,HKSJ,Wald/z,2,0.08682091859005583,-3.829166563123579,4.002808400303691,0.7781675439764495,0.13469954542799994,67.83682538876192,0.08682091859005586,-3.8291665632562832,4.002808400436395,0.7781675443166172,HKSJ,2.7755575615628914e-17,1.3270406995502526e-10,1.327045140442351e-10,3.4016767180844454e-10
3.4,ADCS-ADL score above 24 months,SMD,Cochrane class pool,HKSJ,Wald/z,2,0.06945122787161243,-0.025544276798888294,0.16444673254211314,0.12321497239665612,0,0,0.0694512278716124,-0.02554427680210744,0.16444673254533224,0.12321497239199544,HKSJ,2.7755575615628914e-17,3.2191471710518726e-12,3.2190916599006414e-12,4.660674624012984e-12
3.5,ADCS-ADL-MCI score at 18 months,SMD,Cochrane class pool,HKSJ,Wald/z,4,0.2253197481892245,0.11570585032937554,0.3349336460490735,2.855680358389101e-9,0,0,0.2253197481892246,0.11570585032913153,0.33493364604931775,2.855680358362337e-9,HKSJ,8.326672684688674e-17,2.440131430248016e-13,2.4424906541753444e-13,2.6764255899765763e-20
3.6,ADCS-iADL score at 18 months,SMD,Cochrane class pool,HKSJ,Wald/z,1,0.2086615152924401,0.09740270301361312,0.3199203275712671,2.370725624849406e-4,0,NA,0.2086615152924401,0.0974027030136131,0.3199203275712671,2.3707256249311e-4,HKSJ,0,1.3877787807814457e-17,0,8.16938205451534e-15
3.7,ADCS-ADL 24 months mean difference,MD,Cochrane class pool,Wald,Wald/z,2,0.6478059440559435,-4.919750116189824,6.215362004301711,0.8196080459316482,11.602949999999998,70.92614553278888,0.6478059440559442,-4.9197501161898245,6.2153620043017135,0.8196080461084596,Wald,6.661338147750939e-16,8.881784197001252e-16,2.6645352591003757e-15,1.7681145436654333e-10
3.8,ADCS-ADL-MCI 18 months mean difference,MD,Cochrane class pool,Wald,Wald/z,4,1.8958916024482904,1.272557678332627,2.519225526563954,2.5024216576847596e-9,0,0,1.8958916024482908,1.2725576783326276,2.519225526563954,2.5024216576640962e-9,Wald,4.440892098500626e-16,6.661338147750939e-16,0,2.0663385291880908e-20
4.1,Any ARIA at 18 months,RR,Cochrane class pool,Wald,Wald/z,2,2.3966970260532987,2.074870925771339,2.7684404669930593,1.4814041645820363e-32,0,0,2.3966970260532987,2.074870925771339,2.7684404669930593,1.4814041645199886e-32,Wald,0,0,0,6.204768963900123e-43
4.10,Symptomatic ARIA H at 18 months,RR,Cochrane class pool,HKSJ,Wald/z,1,2.9966592427616927,0.6064524420319729,14.807371518104377,0.17817119958296712,0,NA,2.9966592427616927,0.606452442031973,14.807371518104375,0.17817119958988417,HKSJ,0,1.1102230246251565e-16,1.7763568394002505e-15,6.9170502658977284e-12
4.2,Any ARIA E at 18 months,RR,Cochrane class pool,Wald,Wald/z,11,10.021567099643446,7.4909777580592785,13.407035820471492,2.504949184141154e-54,0.054230157015968304,25.234597256918885,10.02161283630108,7.4911225305395135,13.406899090393246,2.4732157545246333e-54,Wald,4.573665763274448e-5,1.4477248023503364e-4,1.3673007824621664e-4,3.1733429616520523e-56
4.3,Any ARIA E at 24 months,RR,Cochrane class pool,Wald,Wald/z,4,7.494102135327068,2.9814471361614756,18.837015801333326,1.844602398016939e-5,0.11447665063724294,11.83959632683999,7.494102694956077,2.9814482006564837,18.83701188911541,1.844590199713e-5,Wald,5.59629009799778e-7,1.0644950081406535e-6,3.912217916735017e-6,1.2198303939213798e-10
4.4,Any ARIA E above 24 months,RR,Cochrane class pool,Wald,Wald/z,2,9.349943398952874,4.51505569501341,19.362206685550703,1.7594883233552905e-9,0.18601437356944012,66.3692954998454,9.349943398952874,4.515055695013407,19.36220668555071,1.759488323346005e-9,Wald,0,2.6645352591003757e-15,7.105427357601002e-15,9.285515966214012e-21
4.5,Symptomatic ARIA E at 18 months,RR,Cochrane class pool,HKSJ,Wald/z,2,52.4903527709673,40.126898557731224,68.6630971505707,1.5168276846694145e-6,0,0,52.49035277096728,40.12689855736595,68.66309715119556,1.51682768461e-6,HKSJ,2.1316282072803006e-14,3.652758095995523e-10,6.248512818274321e-10,5.941449081044246e-17
4.6,Symptomatic ARIA E above 24 months,RR,Cochrane class pool,Wald,Wald/z,2,15.546661816944196,4.331361582881384,55.80201260630923,2.5749219266435758e-5,0,0,15.546661816944203,4.331361582881387,55.80201260630928,2.574921926635e-5,Wald,7.105427357601002e-15,2.6645352591003757e-15,4.973799150320701e-14,8.575700371181438e-17
4.7,Any ARIA H at 18 months,RR,Cochrane class pool,Wald,Wald/z,3,1.647567809136657,0.958606576737202,2.831693159192176,0.0707666377502418,0.19569237236659237,90.00231897534974,NA,NA,NA,NA,Wald,NA,NA,NA,NA
4.8,Any ARIA H at 24 months,RR,Cochrane class pool,Wald,Wald/z,4,1.274817128129933,0.9569928828870752,1.698193099692277,0.09701298864820303,0,0,1.274817128129933,0.9569928828870752,1.6981930996922765,0.09701298864567191,Wald,0,0,4.440892098500626e-16,2.5311142071160475e-12
4.9,Any ARIA H above 24 months,RR,Cochrane class pool,Wald,Wald/z,2,1.86453837103413,1.518623298927227,2.2892466746127553,2.674353802685868e-9,0,0,1.86453837103413,1.5186232989272272,2.289246674612755,2.674353802662286e-9,Wald,0,2.220446049250313e-16,4.440892098500626e-16,2.358167849296799e-20
5.1,SAE at 18 months,RR,Cochrane class pool,Wald,Wald/z,9,1.0411259198754734,0.9356458976766603,1.1584972303390986,0.45961568171111417,0.010222160034294199,39.37245648976633,1.0411259860249702,0.935646697550099,1.1584963871669378,0.459611654473599,Wald,6.614949676908566e-8,7.998734387060225e-7,8.431721607582432e-7,4.0272375151917394e-6
5.2,SAE at 24 months,RR,Cochrane class pool,Wald,Wald/z,4,1.0310011018008096,0.8481859609704622,1.2532196013929318,0.7591700165350601,0,0,1.0310011018008096,0.8481859609704623,1.2532196013929318,0.7591700169747231,Wald,0,1.1102230246251565e-16,0,4.3966297269548704e-10
5.3,SAE above 24 months,RR,Cochrane class pool,Wald,Wald/z,2,0.8237606397871372,0.6672245404164604,1.017021333236581,0.07138804072868461,0,0,0.8237606397871372,0.6672245404164605,1.017021333236581,0.07138804072988045,Wald,0,1.1102230246251565e-16,0,1.195835097611564e-12
6.1,Mortality at 18 months,RR,Cochrane class pool,Wald,Wald/z,7,1.1726999325261924,0.7412380028844401,1.8553084520699292,0.4960978671176031,0.11750954385513673,31.573527502497875,1.1726999292136089,0.7412379894495478,1.8553084752157156,0.49609789367488166,Wald,3.312583540804326e-9,1.3434892309760471e-8,2.3145786398615087e-8,2.6557278542949092e-8
6.2,Mortality at 24 months,RR,Cochrane class pool,Wald,Wald/z,4,1.0546139842264817,0.46941580486159656,2.369350678454425,0.8975504230278012,0.058361142743979653,7.878428238569533,1.0546140034363614,0.46941585681261566,2.3693505025503403,0.8975503765147392,Wald,1.9209879686954423e-8,5.195101909771793e-8,1.7590408463163953e-7,4.6513061957575985e-8
6.3,Mortality above 24 months,RR,Cochrane class pool,Wald,Wald/z,2,0.6972000337432346,0.12513570667984988,3.8844858909470674,0.6806620419187537,1.12734264450507,73.3779120362122,0.6972000337432345,0.12513570667984972,3.88448589094707,0.680662042974532,Wald,1.1102230246251565e-16,1.6653345369377348e-16,2.6645352591003757e-15,1.0557783536313536e-9
7.1,NPI-Q score at 12 months,SMD,Cochrane class pool,HKSJ,Wald/z,1,0.08604846600191733,-0.1834920094196857,0.3555889414235204,0.5315107139042438,0,NA,0.08604846600191733,-0.1834920094196857,0.3555889414235204,0.531510717475807,HKSJ,0,0,0,3.5715632673571918e-9
7.2,NPI-Q score at 18 months,SMD,Cochrane class pool,Wald,Wald/z,2,0.11919939977015583,-0.17479245584770714,0.41319125538801876,0.4268054428964087,0,0,0.11919939977015584,-0.17479245584770717,0.4131912553880188,0.4268054499757068,Wald,1.3877787807814457e-17,2.7755575615628914e-17,5.551115123125783e-17,7.079298092182995e-9
8.1,Infusion reaction at 18 months,RR,Cochrane class pool,Wald,Wald/z,3,3.5804140006754777,0.6037253491580196,21.23376868987098,0.16021662103970646,2.363272780349808,97.19728094012109,NA,NA,NA,NA,Wald,NA,NA,NA,NA
8.2,Infusion reaction at 24 months,RR,Cochrane class pool,Wald,Wald/z,1,1.1491789422844725,0.7737788248778547,1.7067050673020485,0.49079563226526185,0,NA,1.1491789422844725,0.7737788248778544,1.7067050673020483,0.4907956369796116,Wald,0,2.220446049250313e-16,2.220446049250313e-16,4.714349743917268e-9
9.1,Study discontinuation at 18 months,RR,Cochrane class pool,Wald,Wald/z,11,1.1206943650781804,1.0286842315596554,1.2209342978007443,0.009134368760727339,0.009762441228302521,49.554731620791856,1.120695107889767,1.0286829655362482,1.2209374189387208,0.00913550143881649,Wald,7.428115864627216e-7,1.2660234072203735e-6,3.1211379765139213e-6,1.1326780891517119e-6
9.2,Study discontinuation at 24 months,RR,Cochrane class pool,HKSJ,Wald/z,2,1.0087417778211831,0.8799874387122009,1.1563346583798606,0.8058020547192906,0,0,1.0087417778211831,0.8799874387081287,1.1563346583852117,0.805802054942973,HKSJ,0,4.072187032022612e-12,5.3510529340883295e-12,2.2368240593095834e-10
9.3,Study discontinuation above 24 months,RR,Cochrane class pool,Wald,Wald/z,2,1.3550026889949676,1.109422105329669,1.654944748588734,0.0029037060940422773,0.005604882658618307,26.85324966478464,1.3550026889949676,1.109422105329669,1.654944748588734,0.0029037060940241,Wald,0,0,0,1.8177299943022973e-14
