study,analysis_id,outcome,experimental_n,control_n,experimental_mean,control_mean,experimental_sd,control_sd,effect,ci_low,ci_high,variance,raw_md,raw_variance,amyloid_change_cl,pairing_status,instrument_status,source_locator
EMERGE 2022,1.1,ADAS-Cog scale at 18 months,299,288,3.76,5.16,6.55,6.788225,-0.2096907174412845,-0.37195881246213014,-0.0474226224204389,0.00685441023598852,-1.4000000000000004,0.3034866173882487,-48.74,Time-compatible; dose and population require source verification,Exact ADAS-Cog version requires trial-level verification; MD provisional,CD016297-data-rows.csv | EMERGE 2022 | 1.1
ENGAGE 2022,1.1,ADAS-Cog scale at 18 months,295,333,4.555,5.14,11.61,6.93,-0.06201399463076672,-0.2187610618172498,0.09473307255571636,0.0063959147340604,-0.585,0.6011412918002748,-42.24,Time-compatible; dose and population require source verification,Exact ADAS-Cog version requires trial-level verification; MD provisional,CD016297-data-rows.csv | ENGAGE 2022 | 1.1
ENVISION,1.1,ADAS-Cog scale at 18 months,5,3,7.4,9.67,2.33,0.884,-1.0021345469935967,-2.5908088067914763,0.5865397128042826,0.6570123543035383,-2.2699999999999996,1.3462653333333336,NA,Unknown / quarantined,Exact ADAS-Cog version requires trial-level verification; MD provisional,CD016297-data-rows.csv | ENVISION | 1.1
3000 Non Carriers 2016,1.1,ADAS-Cog scale at 18 months,212,155,9.4,10,8.44,8.59,-0.0704131837413032,-0.2776085599396443,0.13678219245703785,0.01117542213044339,-0.5999999999999996,0.8120598052343274,6.52,PET time requires verification,Exact ADAS-Cog version requires trial-level verification; MD provisional,CD016297-data-rows.csv | 3000 Non Carriers 2016 | 1.1
3001 Carriers 2016,1.1,ADAS-Cog scale at 18 months,202,145,5,4.2,7.25,7.47,0.10871579663756864,-0.10476983617361184,0.3222014294487491,0.01186427280471404,0.7999999999999998,0.6450441891430523,-9.6,PET time requires verification,Exact ADAS-Cog version requires trial-level verification; MD provisional,CD016297-data-rows.csv | 3001 Carriers 2016 | 1.1
Bapineuzumab-301 2014,1.1,ADAS-Cog scale at 18 months,201,334,4.7,5.2,9.36,9.32,-0.05348629124709096,-0.2284818796971421,0.12150929720296016,0.00797182981944506,-0.5,0.6959357225846814,NA,Unknown / quarantined,Exact ADAS-Cog version requires trial-level verification; MD provisional,CD016297-data-rows.csv | Bapineuzumab-301 2014 | 1.1
Bapineuzumab-302 2014,1.1,ADAS-Cog scale at 18 months,339,254,5.9,6.2,8.837737,9.243679,-0.03324021528476897,-0.19590303620735355,0.1294226056378156,0.00688779824163567,-0.2999999999999998,0.5667999918086525,NA,Unknown / quarantined,Exact ADAS-Cog version requires trial-level verification; MD provisional,CD016297-data-rows.csv | Bapineuzumab-302 2014 | 1.1
CREAD 2 2022,1.1,ADAS-Cog scale at 18 months,12,15,7.16,8.9,4.9,5.07,-0.3377306247437116,-1.1030536622352447,0.42759241274782145,0.15247315643733267,-1.7400000000000002,3.7144933333333343,-3.79,Time mismatch,Exact ADAS-Cog version requires trial-level verification; MD provisional,CD016297-data-rows.csv | CREAD 2 2022 | 1.1
TRAILBLAZER-ALZ 2 2023,1.1,ADAS-Cog scale at 18 months,607,677,5.7,7.05,7.637585,7.805767,-0.17461605996336704,-0.28438211418742354,-0.06485000573931052,0.00313646123056485,-1.3499999999999996,0.18610000535407384,-86.33,Time-compatible; dose and population require source verification,Exact ADAS-Cog version requires trial-level verification; MD provisional,CD016297-data-rows.csv | TRAILBLAZER-ALZ 2 2023 | 1.1
SCarlet RoAD 2017,1.1,ADAS-Cog scale at 18 months,167,175,5.54,5.77,9.27,9.27,-0.02475644808313742,-0.23678810339241205,0.1872752072261372,0.01170321613523571,-0.22999999999999954,1.0056134063301967,-12.64,Time mismatch,Exact ADAS-Cog version requires trial-level verification; MD provisional,CD016297-data-rows.csv | SCarlet RoAD 2017 | 1.1
CLARITY AD 2023,1.1,ADAS-Cog scale at 18 months,854,872,4.14,5.58,8.8,8.8,-0.16356516579866837,-0.258081715008226,-0.06904861658911071,0.00232551707345089,-1.4400000000000004,0.1794864963582064,-59.12,Time-compatible; dose and population require source verification,Exact ADAS-Cog version requires trial-level verification; MD provisional,CD016297-data-rows.csv | CLARITY AD 2023 | 1.1
EXPEDITION - EXPEDITION 2 2016,1.1,ADAS-Cog scale at 18 months,659,663,4.08,6.21,12.835498,12.616905,-0.16727429919111023,-0.27527455114545396,-0.05927404723676646,0.00303636065532367,-2.13,0.49010000111779606,NA,Unknown / quarantined,Exact ADAS-Cog version requires trial-level verification; MD provisional,CD016297-data-rows.csv | EXPEDITION - EXPEDITION 2 2016 | 1.1
EXPEDITION 3 2018,1.1,ADAS-Cog scale at 18 months,1057,1072,35.09,36.11,13.28,14.27,-0.0739546137730699,-0.15894106745847214,0.01103183991233232,0.0018801964688810401,-1.019999999999996,0.3568041239815586,NA,Unknown / quarantined,Exact ADAS-Cog version requires trial-level verification; MD provisional,CD016297-data-rows.csv | EXPEDITION 3 2018 | 1.1
Marguerite RoAD 2024,1.2,ADAS-Cog scale at 24 months,16,30,NA,NA,NA,NA,-0.584878,-1.2043638165935748,0.03460781659357492,0.0999002449,NA,NA,NA,Unknown / quarantined,Exact ADAS-Cog version requires trial-level verification; MD provisional,CD016297-data-rows.csv | Marguerite RoAD 2024 | 1.2
CREAD 2022,1.2,ADAS-Cog scale at 24 months,80,86,NA,NA,NA,NA,0.035927,-0.2685416452143902,0.3403956452143902,0.02413175833600002,NA,NA,-1.99,Time-compatible; dose and population require source verification,Exact ADAS-Cog version requires trial-level verification; MD provisional,CD016297-data-rows.csv | CREAD 2022 | 1.2
GRADUATE I 2023,1.3,ADAS-Cog scale above 24 months,499,485,8.57,9.82,10.499005,12.552948,-0.10807650501387596,-0.2331434451643425,0.01699043513659054,0.00407182277585212,-1.25,0.545800019201386,-66.44,Time-compatible; dose and population require source verification,Exact ADAS-Cog version requires trial-level verification; MD provisional,CD016297-data-rows.csv | GRADUATE I 2023 | 1.3
GRADUATE II 2023,1.3,ADAS-Cog scale above 24 months,498,477,6.66,7.94,9.372684,10.701762,-0.1273299020916326,-0.253024827171296,-0.00163497701196924,0.00411281623160218,-1.2800000000000002,0.41650003153524806,-56.46,Time-compatible; dose and population require source verification,Exact ADAS-Cog version requires trial-level verification; MD provisional,CD016297-data-rows.csv | GRADUATE II 2023 | 1.3
EMERGE 2022,1.4,MMSE scale at 18 months,299,288,-2.7,-3.3,3.4,3.39,0.17649873250699524,0.01436080351576632,0.33863666149822413,0.00684341789008546,0.5999999999999996,0.07856533235785954,-48.74,Time-compatible; dose and population require source verification,"Verify version, change score and analysis population in source",CD016297-data-rows.csv | EMERGE 2022 | 1.4
ENGAGE 2022,1.4,MMSE scale at 18 months,295,333,-3.6,-3.5,3.51,3.65,-0.02786111284088035,-0.18457804171348471,0.12885581603172402,0.00639345544014528,-0.10000000000000009,0.08177055835496513,-42.24,Time-compatible; dose and population require source verification,"Verify version, change score and analysis population in source",CD016297-data-rows.csv | ENGAGE 2022 | 1.4
ENVISION,1.4,MMSE scale at 18 months,5,3,-1.2,-6,1.48,1,3.1165966491626023,0.5390114245275348,5.694181873797669,1.7295371108667763,4.8,0.7714133333333333,NA,Unknown / quarantined,"Verify version, change score and analysis population in source",CD016297-data-rows.csv | ENVISION | 1.4
CREAD 2 2022,1.4,MMSE scale at 18 months,12,15,-3.21,-3.63,2.38,2.46,0.16793884927381217,-0.5926977031526056,0.92857540170023,0.15061152335419375,0.41999999999999993,0.8754733333333333,-3.79,Time mismatch,"Verify version, change score and analysis population in source",CD016297-data-rows.csv | CREAD 2 2022 | 1.4
TRAILBLAZER-ALZ 2 2023,1.4,MMSE scale at 18 months,600,679,-2.65,-3.22,3.919184,3.908644,0.14556071158732342,0.03559766079525875,0.2555237623793881,0.00314772931427995,0.5700000000000003,0.04810000231123668,-86.33,Time-compatible; dose and population require source verification,"Verify version, change score and analysis population in source",CD016297-data-rows.csv | TRAILBLAZER-ALZ 2 2023 | 1.4
EXPEDITION - EXPEDITION 2 2016,1.4,MMSE scale at 18 months,659,663,-1.83,-2.76,5.647619,5.664733,0.16432765990782358,0.0563340002018026,0.27232131961384454,0.00303598999262277,0.9299999999999997,0.09680000050179596,NA,Unknown / quarantined,"Verify version, change score and analysis population in source",CD016297-data-rows.csv | EXPEDITION - EXPEDITION 2 2016 | 1.4
EXPEDITION 3 2018,1.4,MMSE scale at 18 months,1057,1072,19.62,19.09,5.3,5.56,0.09752706631305172,0.01251912032856845,0.182535012297535,0.00188114755820682,0.5300000000000011,0.05541252629943941,NA,Unknown / quarantined,"Verify version, change score and analysis population in source",CD016297-data-rows.csv | EXPEDITION 3 2018 | 1.4
SCarlet RoAD 2017,1.4,MMSE scale at 18 months,167,175,-2.73,-2.93,4.15,4.15,0.04808638527620419,-0.16396803771329993,0.2601408082657083,0.01170572962208307,0.20000000000000018,0.2015430282292558,-12.64,Time mismatch,"Verify version, change score and analysis population in source",CD016297-data-rows.csv | SCarlet RoAD 2017 | 1.4
Marguerite RoAD 2024,1.5,MMSE scale at 24 months,16,29,NA,NA,NA,NA,0.184919,-0.4267622400071364,0.7966002400071364,0.09739891974400006,NA,NA,NA,Unknown / quarantined,"Verify version, change score and analysis population in source",CD016297-data-rows.csv | Marguerite RoAD 2024 | 1.5
CREAD 2022,1.5,MMSE scale at 24 months,87,90,NA,NA,NA,NA,-0.094021,-0.3888701419782675,0.20082814197826757,0.02263099009600001,NA,NA,-1.99,Time-compatible; dose and population require source verification,"Verify version, change score and analysis population in source",CD016297-data-rows.csv | CREAD 2022 | 1.5
CREAD 2022,1.6,ADAS-Cog 24 months mean difference,NA,NA,NA,NA,NA,NA,0.26,-1.8763607431486593,2.3963607431486595,1.188100000000001,NA,NA,-1.99,Time-compatible; dose and population require source verification,Exact ADAS-Cog version requires trial-level verification; MD provisional,CD016297-data-rows.csv | CREAD 2022 | 1.6
Marguerite RoAD 2024,1.6,ADAS-Cog 24 months mean difference,NA,NA,NA,NA,NA,NA,-3.71,-7.492730490162304,0.07273049016230448,3.7249000000000025,NA,NA,NA,Unknown / quarantined,Exact ADAS-Cog version requires trial-level verification; MD provisional,CD016297-data-rows.csv | Marguerite RoAD 2024 | 1.6
EMERGE 2022,2.1,CDR-SB scale at 18 months,299,288,1.35,1.74,1.85,1.866762,-0.20960656521752616,-0.3718743020776729,-0.0473388283573794,0.00685437997769713,-0.3899999999999999,0.023546489560439386,-48.74,Time-compatible; dose and population require source verification,"Verify version, change score and analysis population in source",CD016297-data-rows.csv | EMERGE 2022 | 2.1
ENGAGE 2022,2.1,CDR-SB scale at 18 months,295,333,1.59,1.56,1.88,2.007312,0.01537756078862819,-0.14133406764528272,0.17208918922253913,0.00639302297192674,0.030000000000000027,0.024081021349584977,-42.24,Time-compatible; dose and population require source verification,"Verify version, change score and analysis population in source",CD016297-data-rows.csv | ENGAGE 2022 | 2.1
ENVISION,2.1,CDR-SB scale at 18 months,8,6,1.56,0.67,1.635,0.408,0.6528580708871715,-0.4434098046021674,1.7491259463765103,0.3128507452314045,0.89,0.361897125,NA,Unknown / quarantined,"Verify version, change score and analysis population in source",CD016297-data-rows.csv | ENVISION | 2.1
CREAD 2 2022,2.1,CDR-SB scale at 18 months,12,15,1.89,3.19,1.53,1.6,-0.8031462679187892,-1.5968378115421125,-0.00945472429546601,0.16398620831899138,-1.3,0.3657416666666667,-3.79,Time mismatch,"Verify version, change score and analysis population in source",CD016297-data-rows.csv | CREAD 2 2022 | 2.1
TRAILBLAZER-ALZ 2 2023,2.1,CDR-SB scale at 18 months,598,672,1.72,2.42,2.445404,2.333067,-0.2931287586575765,-0.40390175211272944,-0.18235576520242353,0.00319426984689065,-0.7,0.018100003629761836,-86.33,Time-compatible; dose and population require source verification,"Verify version, change score and analysis population in source",CD016297-data-rows.csv | TRAILBLAZER-ALZ 2 2023 | 2.1
EXPEDITION - EXPEDITION 2 2016,2.1,CDR-SB scale at 18 months,659,663,1.53,1.69,3.337229,3.347342,-0.04784395515879964,-0.15567074001790648,0.05998282970030719,0.00302661464712805,-0.15999999999999992,0.033799993736974426,NA,Unknown / quarantined,"Verify version, change score and analysis population in source",CD016297-data-rows.csv | EXPEDITION - EXPEDITION 2 2016 | 2.1
EXPEDITION 3 2018,2.1,CDR-SB scale at 18 months,1057,1072,5.72,6.02,3.18,3.38,-0.09136907215605586,-0.17637083393918862,-0.00636731037292309,0.00188087386680117,-0.2999999999999998,0.020224166184216102,NA,Unknown / quarantined,"Verify version, change score and analysis population in source",CD016297-data-rows.csv | EXPEDITION 3 2018 | 2.1
CLARITY AD 2023,2.1,CDR-SB scale at 18 months,859,875,1.21,1.66,2.34,2.34,-0.19222440616983708,-0.2865815667072063,-0.09786724563246783,0.00231768038139898,-0.44999999999999996,0.012632217395642771,-59.12,Time-compatible; dose and population require source verification,"Verify version, change score and analysis population in source",CD016297-data-rows.csv | CLARITY AD 2023 | 2.1
SCarlet RoAD 2017,2.1,CDR-SB scale at 18 months,167,175,1.73,1.6,2.56,2.56,0.05066915011037523,-0.1613886898232896,0.2627269900440401,0.0117061068662468,0.1299999999999999,0.07669225662959794,-12.64,Time mismatch,"Verify version, change score and analysis population in source",CD016297-data-rows.csv | SCarlet RoAD 2017 | 2.1
Marguerite RoAD 2024,2.2,CDR-SB scale at 24 months,17,29,NA,NA,NA,NA,-0.125093,-0.7243813877328897,0.4741953877328897,0.09349223522500008,NA,NA,NA,Unknown / quarantined,"Verify version, change score and analysis population in source",CD016297-data-rows.csv | Marguerite RoAD 2024 | 2.2
CREAD 2022,2.2,CDR-SB scale at 24 months,86,88,NA,NA,NA,NA,0.07009,-0.22719145728308185,0.3673714572830818,0.02300591232900001,NA,NA,-1.99,Time-compatible; dose and population require source verification,"Verify version, change score and analysis population in source",CD016297-data-rows.csv | CREAD 2022 | 2.2
GRADUATE I 2023,2.3,CDR-SB scale above 24 months,499,485,3.35,3.65,3.127363,3.523634,-0.0900598093928467,-0.21509877720365,0.03497915841795661,0.00407000158038034,-0.2999999999999998,0.04519999158436464,-66.44,Time-compatible; dose and population require source verification,"Verify version, change score and analysis population in source",CD016297-data-rows.csv | GRADUATE I 2023 | 2.3
GRADUATE II 2023,2.3,CDR-SB scale above 24 months,498,477,2.85,3.01,3.124228,3.276049,-0.04997081285137941,-0.175557773481756,0.07561614777899717,0.00410575393790785,-0.1599999999999997,0.04209999501310932,-56.46,Time-compatible; dose and population require source verification,"Verify version, change score and analysis population in source",CD016297-data-rows.csv | GRADUATE II 2023 | 2.3
CREAD 2022,2.4,CDR-SB 24 months mean difference,NA,NA,NA,NA,NA,NA,0.17,-0.6531848735068227,0.9931848735068228,0.17640000000000014,NA,NA,-1.99,Time-compatible; dose and population require source verification,"Verify version, change score and analysis population in source",CD016297-data-rows.csv | CREAD 2022 | 2.4
Marguerite RoAD 2024,2.4,CDR-SB 24 months mean difference,NA,NA,NA,NA,NA,NA,-0.25,-1.4259783907240324,0.9259783907240324,0.3600000000000001,NA,NA,NA,Unknown / quarantined,"Verify version, change score and analysis population in source",CD016297-data-rows.csv | Marguerite RoAD 2024 | 2.4
3000 Non Carriers 2016,3.1,DAD total score at 18 months,213,155,-19.1,-18.8,18.097204,18.301352,-0.01646474960027812,-0.22339481859563692,0.19046531939508063,0.01114682089620491,-0.3000000000000007,3.6984998687467527,6.52,PET time requires verification,"Verify version, change score and analysis population in source",CD016297-data-rows.csv | 3000 Non Carriers 2016 | 3.1
3001 Carriers 2016,3.1,DAD total score at 18 months,198,146,-10.1,-10.7,15.056235,15.466299,0.03930575318456895,-0.17451986528750046,0.2531313716566384,0.01190209169200503,0.5999999999999996,2.7833000950860747,-9.6,PET time requires verification,"Verify version, change score and analysis population in source",CD016297-data-rows.csv | 3001 Carriers 2016 | 3.1
Bapineuzumab-301 2014,3.1,DAD total score at 18 months,201,334,-8.4,-12.5,19.56,19.37,0.21059205769464584,0.03516825669746185,0.38601585869182986,0.00801089153696539,4.1,3.026794758244704,NA,Unknown / quarantined,"Verify version, change score and analysis population in source",CD016297-data-rows.csv | Bapineuzumab-301 2014 | 3.1
Bapineuzumab-302 2014,3.1,DAD total score at 18 months,339,254,-12.8,-11.5,18.411953,19.124853,-0.06935457343093947,-0.23205452598178591,0.093345379119907,0.00689094320559826,-1.3000000000000007,2.4400000481003015,NA,Unknown / quarantined,"Verify version, change score and analysis population in source",CD016297-data-rows.csv | Bapineuzumab-302 2014 | 3.1
CREAD 2 2022,3.2,ADCS-ADL score at 18 months,12,15,-6.31,-8.83,7.29,7.57,0.3280886894908053,-0.4368849247052403,1.093062303686851,0.1523339589803079,2.5200000000000005,8.249001666666667,-3.79,Time mismatch,"Verify version, change score and analysis population in source",CD016297-data-rows.csv | CREAD 2 2022 | 3.2
EXPEDITION - EXPEDITION 2 2016,3.2,ADCS-ADL score at 18 months,659,663,-7.13,-8.55,14.632467,14.41932,0.09770045367477606,-0.01017535340074431,0.20557626075029645,0.003029367304292,1.4200000000000008,0.6384999693979831,NA,Unknown / quarantined,"Verify version, change score and analysis population in source",CD016297-data-rows.csv | EXPEDITION - EXPEDITION 2 2016 | 3.2
EXPEDITION 3 2018,3.2,ADCS-ADL score at 18 months,1057,1072,60.2,59,13.52,14.61,0.08520087771527177,2.0490657405015e-4,0.1701968488564934,0.00188061761102882,1.2000000000000028,0.3720489721155339,NA,Unknown / quarantined,"Verify version, change score and analysis population in source",CD016297-data-rows.csv | EXPEDITION 3 2018 | 3.2
Marguerite RoAD 2024,3.3,ADCS-ADL score at 24 months,15,28,NA,NA,NA,NA,0.46747,-0.16816983975415406,1.103109839754154,0.10517827334400008,NA,NA,NA,Unknown / quarantined,"Verify version, change score and analysis population in source",CD016297-data-rows.csv | Marguerite RoAD 2024 | 3.3
CREAD 2022,3.3,ADCS-ADL score at 24 months,88,90,NA,NA,NA,NA,-0.162711,-0.4570368315943954,0.1316148315943954,0.02255072856100001,NA,NA,-1.99,Time-compatible; dose and population require source verification,"Verify version, change score and analysis population in source",CD016297-data-rows.csv | CREAD 2022 | 3.3
GRADUATE I 2023,3.4,ADCS-ADL score above 24 months,499,498,-11.21,-12.32,13.402985,15.39798,0.07684384019854736,-0.04734757707930692,0.20103525747640164,0.00401501326589652,1.1099999999999994,0.8360999899132064,-66.44,Time-compatible; dose and population require source verification,"Verify version, change score and analysis population in source",CD016297-data-rows.csv | GRADUATE I 2023 | 3.4
GRADUATE II 2023,3.4,ADCS-ADL score above 24 months,498,477,-8.44,-9.26,12.94323,13.541004,0.06189027591099735,-0.06370718408733608,0.1874877359093308,0.00410644046815074,0.8200000000000003,0.7207999833154222,-56.46,Time-compatible; dose and population require source verification,"Verify version, change score and analysis population in source",CD016297-data-rows.csv | GRADUATE II 2023 | 3.4
EMERGE 2022,3.5,ADCS-ADL-MCI score at 18 months,299,288,NA,NA,NA,NA,0.274858,0.1122691876624798,0.4374468123375202,0.0068815320249999996,NA,NA,-48.74,Time-compatible; dose and population require source verification,"Verify version, change score and analysis population in source",CD016297-data-rows.csv | EMERGE 2022 | 3.5
ENGAGE 2022,3.5,ADCS-ADL-MCI score at 18 months,295,333,NA,NA,NA,NA,0.121525,-0.03532895771875602,0.278378957718756,0.006404640841,NA,NA,-42.24,Time-compatible; dose and population require source verification,"Verify version, change score and analysis population in source",CD016297-data-rows.csv | ENGAGE 2022 | 3.5
ENVISION,3.5,ADCS-ADL-MCI score at 18 months,5,3,NA,NA,NA,NA,0.611056,-0.8807294275889868,2.102841427588987,0.5793173546410004,NA,NA,NA,Unknown / quarantined,"Verify version, change score and analysis population in source",CD016297-data-rows.csv | ENVISION | 3.5
CLARITY AD 2023,3.5,ADCS-ADL-MCI score at 18 months,783,796,NA,NA,NA,NA,0.246614,0.14758681968111376,0.34564118031888624,0.002552775625,NA,NA,-59.12,Time-compatible; dose and population require source verification,"Verify version, change score and analysis population in source",CD016297-data-rows.csv | CLARITY AD 2023 | 3.5
TRAILBLAZER-ALZ 2 2023,3.6,ADCS-iADL score at 18 months,591,661,-4.57,-6.32,8.265567,8.484274,0.2086615152924401,0.09740270301361308,0.31992032757126704,0.00322234960401281,1.75,0.22450000435963596,-86.33,Time-compatible; dose and population require source verification,"Verify version, change score and analysis population in source",CD016297-data-rows.csv | TRAILBLAZER-ALZ 2 2023 | 3.6
CREAD 2022,3.7,ADCS-ADL 24 months mean difference,NA,NA,NA,NA,NA,NA,-1.88,-5.192339133872691,1.4323391338726918,2.8561000000000014,NA,NA,-1.99,Time-compatible; dose and population require source verification,"Verify version, change score and analysis population in source",CD016297-data-rows.csv | CREAD 2022 | 3.7
Marguerite RoAD 2024,3.7,ADCS-ADL 24 months mean difference,NA,NA,NA,NA,NA,NA,3.84,-1.2167070801133404,8.896707080113341,6.656400000000008,NA,NA,NA,Unknown / quarantined,"Verify version, change score and analysis population in source",CD016297-data-rows.csv | Marguerite RoAD 2024 | 3.7
CLARITY AD 2023,3.8,ADCS-ADL-MCI 18 months mean difference,NA,NA,NA,NA,NA,NA,2,1.1964147663385778,2.803585233661422,0.1681000000000001,NA,NA,-59.12,Time-compatible; dose and population require source verification,"Verify version, change score and analysis population in source",CD016297-data-rows.csv | CLARITY AD 2023 | 3.8
EMERGE 2022,3.8,ADCS-ADL-MCI 18 months mean difference,NA,NA,NA,NA,NA,NA,1.7,0.7004183678845722,2.699581632115428,0.2601000000000002,NA,NA,-48.74,Time-compatible; dose and population require source verification,"Verify version, change score and analysis population in source",CD016297-data-rows.csv | EMERGE 2022 | 3.8
ENGAGE 2022,3.8,ADCS-ADL-MCI 18 months mean difference,NA,NA,NA,NA,NA,NA,0.7,-10.550193271259912,11.950193271259913,32.94760000000003,NA,NA,-42.24,Time-compatible; dose and population require source verification,"Verify version, change score and analysis population in source",CD016297-data-rows.csv | ENGAGE 2022 | 3.8
ENVISION,3.8,ADCS-ADL-MCI 18 months mean difference,NA,NA,NA,NA,NA,NA,4.6,-3.214343086973459,12.414343086973458,15.89603344228901,NA,NA,NA,Unknown / quarantined,"Verify version, change score and analysis population in source",CD016297-data-rows.csv | ENVISION | 3.8
TRAILBLAZER-ALZ 2 2023,4.1,Any ARIA at 18 months,853,874,NA,NA,NA,NA,2.4748489494093246,2.0643954576213117,2.9669108696110937,0.00856052336582278,NA,NA,-86.33,Time-compatible; dose and population require source verification,"Verify version, change score and analysis population in source",CD016297-data-rows.csv | TRAILBLAZER-ALZ 2 2023 | 4.1
CLARITY AD 2023,4.1,Any ARIA at 18 months,898,897,NA,NA,NA,NA,2.2680597406000262,1.788092097826977,2.8768624352079777,0.01471764008472584,NA,NA,-59.12,Time-compatible; dose and population require source verification,"Verify version, change score and analysis population in source",CD016297-data-rows.csv | CLARITY AD 2023 | 4.1
EMERGE 2022,4.2,Any ARIA E at 18 months,541,544,NA,NA,NA,NA,14.54173183563202,8.395438070409726,25.18772254717064,0.0785555617296397,NA,NA,-48.74,Time-compatible; dose and population require source verification,"Verify version, change score and analysis population in source",CD016297-data-rows.csv | EMERGE 2022 | 4.2
ENGAGE 2022,4.2,Any ARIA E at 18 months,554,532,NA,NA,NA,NA,11.943592057761732,7.27888447064231,19.59769959498222,0.06384037222839593,NA,NA,-42.24,Time-compatible; dose and population require source verification,"Verify version, change score and analysis population in source",CD016297-data-rows.csv | ENGAGE 2022 | 4.2
3000 Non Carriers 2016,4.2,Any ARIA E at 18 months,267,344,NA,NA,NA,NA,8.374531835205993,1.9061840798702407,36.792240686247254,0.5702707818268313,NA,NA,6.52,PET time requires verification,"Verify version, change score and analysis population in source",CD016297-data-rows.csv | 3000 Non Carriers 2016 | 4.2
3001 Carriers 2016,4.2,Any ARIA E at 18 months,654,439,NA,NA,NA,NA,8.12962962962963,4.164517402934319,15.869996813648651,0.11647846672193088,NA,NA,-9.6,PET time requires verification,"Verify version, change score and analysis population in source",CD016297-data-rows.csv | 3001 Carriers 2016 | 4.2
Bapineuzumab-301 2014,4.2,Any ARIA E at 18 months,329,524,NA,NA,NA,NA,49.37386018237081,6.772524886743063,359.95114231032983,1.0273101538917535,NA,NA,NA,Unknown / quarantined,"Verify version, change score and analysis population in source",CD016297-data-rows.csv | Bapineuzumab-301 2014 | 4.2
Bapineuzumab-302 2014,4.2,Any ARIA E at 18 months,673,448,NA,NA,NA,NA,68.56463595839523,9.60180290996349,489.606936133741,1.005990710905895,NA,NA,NA,Unknown / quarantined,"Verify version, change score and analysis population in source",CD016297-data-rows.csv | Bapineuzumab-302 2014 | 4.2
CREAD 2 2022,4.2,Any ARIA E at 18 months,398,388,NA,NA,NA,NA,2.9248120300751883,0.11951309131104863,71.57814526785407,2.6615897069151035,NA,NA,-3.79,Time mismatch,"Verify version, change score and analysis population in source",CD016297-data-rows.csv | CREAD 2 2022 | 4.2
TRAILBLAZER-ALZ 2 2023,4.2,Any ARIA E at 18 months,853,874,NA,NA,NA,NA,11.66927185098346,7.275124533987975,18.717467295025138,0.05811710663376233,NA,NA,-86.33,Time-compatible; dose and population require source verification,"Verify version, change score and analysis population in source",CD016297-data-rows.csv | TRAILBLAZER-ALZ 2 2023 | 4.2
CLARITY AD 2023,4.2,Any ARIA E at 18 months,898,897,NA,NA,NA,NA,7.524944320712696,4.426580621513425,12.791992707560029,0.07328781124090446,NA,NA,-59.12,Time-compatible; dose and population require source verification,"Verify version, change score and analysis population in source",CD016297-data-rows.csv | CLARITY AD 2023 | 4.2
EXPEDITION - EXPEDITION 2 2016,4.2,Any ARIA E at 18 months,654,660,NA,NA,NA,NA,2.270642201834862,0.7027499679306088,7.336629304923097,0.3580669076081921,NA,NA,NA,Unknown / quarantined,"Verify version, change score and analysis population in source",CD016297-data-rows.csv | EXPEDITION - EXPEDITION 2 2016 | 4.2
EXPEDITION 3 2018,4.2,Any ARIA E at 18 months,1057,1067,NA,NA,NA,NA,1.009460737937559,0.06322306747084956,16.117708649731046,1.9981167190834717,NA,NA,NA,Unknown / quarantined,"Verify version, change score and analysis population in source",CD016297-data-rows.csv | EXPEDITION 3 2018 | 4.2
ENVISION,4.3,Any ARIA E at 24 months,680,344,NA,NA,NA,NA,7.599118942731277,0.435288259576443,132.66291344950963,2.1289663538274937,NA,NA,NA,Unknown / quarantined,"Verify version, change score and analysis population in source",CD016297-data-rows.csv | ENVISION | 4.3
CREAD 2022,4.3,Any ARIA E at 24 months,399,397,NA,NA,NA,NA,0.9949874686716792,0.06245253801815224,15.852038911948236,1.9949748426481837,NA,NA,-1.99,Time-compatible; dose and population require source verification,"Verify version, change score and analysis population in source",CD016297-data-rows.csv | CREAD 2022 | 4.3
Marguerite RoAD 2024,4.3,Any ARIA E at 24 months,192,195,NA,NA,NA,NA,6.09375,1.8246064064892265,20.35167087566579,0.3785523504273507,NA,NA,NA,Unknown / quarantined,"Verify version, change score and analysis population in source",CD016297-data-rows.csv | Marguerite RoAD 2024 | 4.3
SCarlet RoAD 2017,4.3,Any ARIA E at 24 months,260,266,NA,NA,NA,NA,17.903846153846153,4.350772528839474,73.67604373150134,0.5209658762290346,NA,NA,-12.64,Time-compatible; dose and population require source verification,"Verify version, change score and analysis population in source",CD016297-data-rows.csv | SCarlet RoAD 2017 | 4.3
GRADUATE I 2023,4.4,Any ARIA E above 24 months,497,476,NA,NA,NA,NA,14.246478873239433,7.041110513979182,28.82530530982341,0.12929044857379582,NA,NA,-66.44,Time-compatible; dose and population require source verification,"Verify version, change score and analysis population in source",CD016297-data-rows.csv | GRADUATE I 2023 | 4.4
GRADUATE II 2023,4.4,Any ARIA E above 24 months,496,470,NA,NA,NA,NA,6.738351254480287,4.18220125755483,10.85681315473154,0.05922426694882946,NA,NA,-56.46,Time-compatible; dose and population require source verification,"Verify version, change score and analysis population in source",CD016297-data-rows.csv | GRADUATE II 2023 | 4.4
TRAILBLAZER-ALZ 2 2023,4.5,Symptomatic ARIA E at 18 months,853,874,NA,NA,NA,NA,53.2801875732708,7.382367491768026,384.5349599580896,1.0169142715284885,NA,NA,-86.33,Time-compatible; dose and population require source verification,"Verify version, change score and analysis population in source",CD016297-data-rows.csv | TRAILBLAZER-ALZ 2 2023 | 4.5
CLARITY AD 2023,4.5,Symptomatic ARIA E at 18 months,898,897,NA,NA,NA,NA,50.943270300333715,3.1061696077410943,835.5038895574628,2.0369897534761288,NA,NA,-59.12,Time-compatible; dose and population require source verification,"Verify version, change score and analysis population in source",CD016297-data-rows.csv | CLARITY AD 2023 | 4.5
GRADUATE I 2023,4.6,Symptomatic ARIA E above 24 months,497,476,NA,NA,NA,NA,50.76506024096386,3.10245243246334,830.662644268968,2.033631380869391,NA,NA,-66.44,Time-compatible; dose and population require source verification,"Verify version, change score and analysis population in source",CD016297-data-rows.csv | GRADUATE I 2023 | 4.6
GRADUATE II 2023,4.6,Symptomatic ARIA E above 24 months,496,470,NA,NA,NA,NA,11.370967741935486,2.7022835331981745,47.8480166124948,0.537522878059941,NA,NA,-56.46,Time-compatible; dose and population require source verification,"Verify version, change score and analysis population in source",CD016297-data-rows.csv | GRADUATE II 2023 | 4.6
TRAILBLAZER-ALZ 2 2023,4.7,Any ARIA H at 18 months,853,874,NA,NA,NA,NA,2.3075452924428856,1.9002351235087331,2.802161275096992,0.00981820692583882,NA,NA,-86.33,Time-compatible; dose and population require source verification,"Verify version, change score and analysis population in source",CD016297-data-rows.csv | TRAILBLAZER-ALZ 2 2023 | 4.7
CLARITY AD 2023,4.7,Any ARIA H at 18 months,898,897,NA,NA,NA,NA,1.911449311226594,1.4852377835816704,2.4599687065446343,0.01656887896768533,NA,NA,-59.12,Time-compatible; dose and population require source verification,"Verify version, change score and analysis population in source",CD016297-data-rows.csv | CLARITY AD 2023 | 4.7
CREAD 2 2022,4.7,Any ARIA H at 18 months,398,388,NA,NA,NA,NA,0.8477168450950404,0.4733550733408244,1.5181496722661432,0.08838837846786607,NA,NA,-3.79,Time mismatch,"Verify version, change score and analysis population in source",CD016297-data-rows.csv | CREAD 2 2022 | 4.7
Marguerite RoAD 2024,4.8,Any ARIA H at 24 months,192,195,NA,NA,NA,NA,1.5234375,0.6368936685216413,3.644033425223771,0.197996794871795,NA,NA,NA,Unknown / quarantined,"Verify version, change score and analysis population in source",CD016297-data-rows.csv | Marguerite RoAD 2024 | 4.8
SCarlet RoAD 2017,4.8,Any ARIA H at 24 months,260,266,NA,NA,NA,NA,1.2276923076923076,0.8109117597692889,1.858683616569678,0.04477540003855796,NA,NA,-12.64,Time-compatible; dose and population require source verification,"Verify version, change score and analysis population in source",CD016297-data-rows.csv | SCarlet RoAD 2017 | 4.8
ENVISION,4.8,Any ARIA H at 24 months,680,344,NA,NA,NA,NA,2.5330396475770924,0.1219456991199386,52.61595859880877,2.3956330204941607,NA,NA,NA,Unknown / quarantined,"Verify version, change score and analysis population in source",CD016297-data-rows.csv | ENVISION | 4.8
CREAD 2022,4.8,Any ARIA H at 24 months,399,397,NA,NA,NA,NA,1.2517584283288867,0.7976133438745941,1.9644846402403753,0.05287393280533686,NA,NA,-1.99,Time-compatible; dose and population require source verification,"Verify version, change score and analysis population in source",CD016297-data-rows.csv | CREAD 2022 | 4.8
GRADUATE I 2023,4.9,Any ARIA H above 24 months,497,476,NA,NA,NA,NA,1.9154929577464788,1.438865656839604,2.550004063086318,0.02131081604281723,NA,NA,-66.44,Time-compatible; dose and population require source verification,"Verify version, change score and analysis population in source",CD016297-data-rows.csv | GRADUATE I 2023 | 4.9
GRADUATE II 2023,4.9,Any ARIA H above 24 months,496,470,NA,NA,NA,NA,1.812040181097906,1.3498226667565718,2.4325340644953624,0.02257438296900218,NA,NA,-56.46,Time-compatible; dose and population require source verification,"Verify version, change score and analysis population in source",CD016297-data-rows.csv | GRADUATE II 2023 | 4.9
CLARITY AD 2023,4.10,Symptomatic ARIA H at 18 months,898,897,NA,NA,NA,NA,2.9966592427616927,0.606452442031973,14.807371518104375,0.6644382537187811,NA,NA,-59.12,Time-compatible; dose and population require source verification,"Verify version, change score and analysis population in source",CD016297-data-rows.csv | CLARITY AD 2023 | 4.10
EMERGE 2022,5.1,SAE at 18 months,541,544,NA,NA,NA,NA,0.9062321717897812,0.6760266152665722,1.2148290180305752,0.02235764501972452,NA,NA,-48.74,Time-compatible; dose and population require source verification,"Verify version, change score and analysis population in source",CD016297-data-rows.csv | EMERGE 2022 | 5.1
ENGAGE 2022,5.1,SAE at 18 months,554,532,NA,NA,NA,NA,1.0151624548736462,0.7487793461127739,1.376313082265327,0.02411447439948297,NA,NA,-42.24,Time-compatible; dose and population require source verification,"Verify version, change score and analysis population in source",CD016297-data-rows.csv | ENGAGE 2022 | 5.1
Bapineuzumab-301 2014,5.1,SAE at 18 months,329,524,NA,NA,NA,NA,1.120792525047844,0.865009427672188,1.4522106280200846,0.01746924337172493,NA,NA,NA,Unknown / quarantined,"Verify version, change score and analysis population in source",CD016297-data-rows.csv | Bapineuzumab-301 2014 | 5.1
Bapineuzumab-302 2014,5.1,SAE at 18 months,673,448,NA,NA,NA,NA,1.3163931415596777,1.0509714998443778,1.6488467131620164,0.01319974627981499,NA,NA,NA,Unknown / quarantined,"Verify version, change score and analysis population in source",CD016297-data-rows.csv | Bapineuzumab-302 2014 | 5.1
CREAD 2 2022,5.1,SAE at 18 months,404,398,NA,NA,NA,NA,0.7740452616690241,0.5013086222133811,1.1951640976508928,0.04912474377373131,NA,NA,-3.79,Time mismatch,"Verify version, change score and analysis population in source",CD016297-data-rows.csv | CREAD 2 2022 | 5.1
TRAILBLAZER-ALZ 2 2023,5.1,SAE at 18 months,853,874,NA,NA,NA,NA,1.0988667448221965,0.8890498331464223,1.3582007193035028,0.01168663586606988,NA,NA,-86.33,Time-compatible; dose and population require source verification,"Verify version, change score and analysis population in source",CD016297-data-rows.csv | TRAILBLAZER-ALZ 2 2023 | 5.1
CLARITY AD 2023,5.1,SAE at 18 months,898,897,NA,NA,NA,NA,1.246135526692981,0.975482057916536,1.5918834572960012,0.01560908508763166,NA,NA,-59.12,Time-compatible; dose and population require source verification,"Verify version, change score and analysis population in source",CD016297-data-rows.csv | CLARITY AD 2023 | 5.1
EXPEDITION - EXPEDITION 2 2016,5.1,SAE at 18 months,654,660,NA,NA,NA,NA,0.970948012232416,0.780528740300206,1.2078223309182492,0.01240556982086997,NA,NA,NA,Unknown / quarantined,"Verify version, change score and analysis population in source",CD016297-data-rows.csv | EXPEDITION - EXPEDITION 2 2016 | 5.1
EXPEDITION 3 2018,5.1,SAE at 18 months,1054,1067,NA,NA,NA,NA,0.8770220001127248,0.7298891601778754,1.053814237348417,0.00877880703760097,NA,NA,NA,Unknown / quarantined,"Verify version, change score and analysis population in source",CD016297-data-rows.csv | EXPEDITION 3 2018 | 5.1
ENVISION,5.2,SAE at 24 months,680,344,NA,NA,NA,NA,1.29769820971867,0.8159302297730878,2.0639272600248817,0.05604984843245798,NA,NA,NA,Unknown / quarantined,"Verify version, change score and analysis population in source",CD016297-data-rows.csv | ENVISION | 5.2
CREAD 2022,5.2,SAE at 24 months,404,405,NA,NA,NA,NA,1.0661244695898162,0.7779320705599281,1.4610805077621585,0.02585400568012263,NA,NA,-1.99,Time-compatible; dose and population require source verification,"Verify version, change score and analysis population in source",CD016297-data-rows.csv | CREAD 2022 | 5.2
Marguerite RoAD 2024,5.2,SAE at 24 months,192,195,NA,NA,NA,NA,1.059782608695652,0.6200170226845111,1.811465067250676,0.07480838907469352,NA,NA,NA,Unknown / quarantined,"Verify version, change score and analysis population in source",CD016297-data-rows.csv | Marguerite RoAD 2024 | 5.2
SCarlet RoAD 2017,5.2,SAE at 24 months,260,266,NA,NA,NA,NA,0.8556643356643356,0.6015715997700242,1.2170811514502813,0.03231539627420637,NA,NA,-12.64,Time-compatible; dose and population require source verification,"Verify version, change score and analysis population in source",CD016297-data-rows.csv | SCarlet RoAD 2017 | 5.2
GRADUATE I 2023,5.3,SAE above 24 months,503,481,NA,NA,NA,NA,0.7650099403578529,0.5813621823166851,1.0066705861640102,0.01961713687673717,NA,NA,-66.44,Time-compatible; dose and population require source verification,"Verify version, change score and analysis population in source",CD016297-data-rows.csv | GRADUATE I 2023 | 5.3
GRADUATE II 2023,5.3,SAE above 24 months,501,474,NA,NA,NA,NA,0.916072616671419,0.659308046448083,1.272833000501386,0.02816074587058457,NA,NA,-56.46,Time-compatible; dose and population require source verification,"Verify version, change score and analysis population in source",CD016297-data-rows.csv | GRADUATE II 2023 | 5.3
Bapineuzumab-301 2014,6.1,Mortality at 18 months,329,524,NA,NA,NA,NA,1.5927051671732524,0.5637750957700624,4.499506573761434,0.28076637508990954,NA,NA,NA,Unknown / quarantined,"Verify version, change score and analysis population in source",CD016297-data-rows.csv | Bapineuzumab-301 2014 | 6.1
Bapineuzumab-302 2014,6.1,Mortality at 18 months,673,448,NA,NA,NA,NA,1.99702823179792,0.7309718776578213,5.455916814989735,0.262948639708484,NA,NA,NA,Unknown / quarantined,"Verify version, change score and analysis population in source",CD016297-data-rows.csv | Bapineuzumab-302 2014 | 6.1
CREAD 2 2022,6.1,Mortality at 18 months,404,398,NA,NA,NA,NA,0.0757834757834758,0.00428347140481177,1.340766555689668,2.1488707523795254,NA,NA,-3.79,Time mismatch,"Verify version, change score and analysis population in source",CD016297-data-rows.csv | CREAD 2 2022 | 6.1
TRAILBLAZER-ALZ 2 2023,6.1,Mortality at 18 months,853,874,NA,NA,NA,NA,1.6393903868698712,0.7481808292082688,3.5921808413687737,0.16018350229771902,NA,NA,-86.33,Time-compatible; dose and population require source verification,"Verify version, change score and analysis population in source",CD016297-data-rows.csv | TRAILBLAZER-ALZ 2 2023 | 6.1
CLARITY AD 2023,6.1,Mortality at 18 months,898,897,NA,NA,NA,NA,0.8561883550747693,0.2888765488802598,2.537618585541515,0.30729539657592364,NA,NA,-59.12,Time-compatible; dose and population require source verification,"Verify version, change score and analysis population in source",CD016297-data-rows.csv | CLARITY AD 2023 | 6.1
EXPEDITION - EXPEDITION 2 2016,6.1,Mortality at 18 months,654,660,NA,NA,NA,NA,1.7660550458715596,0.7459061542517619,4.181424710427679,0.19338436792565245,NA,NA,NA,Unknown / quarantined,"Verify version, change score and analysis population in source",CD016297-data-rows.csv | EXPEDITION - EXPEDITION 2 2016 | 6.1
EXPEDITION 3 2018,6.1,Mortality at 18 months,1054,1067,NA,NA,NA,NA,0.5359415113293894,0.2399816607285421,1.1968968907625703,0.16804866679668629,NA,NA,NA,Unknown / quarantined,"Verify version, change score and analysis population in source",CD016297-data-rows.csv | EXPEDITION 3 2018 | 6.1
ENVISION,6.2,Mortality at 24 months,680,344,NA,NA,NA,NA,3.5462555066079293,0.18369789583957816,68.45983760820818,2.2813473062084464,NA,NA,NA,Unknown / quarantined,"Verify version, change score and analysis population in source",CD016297-data-rows.csv | ENVISION | 6.2
CREAD 2022,6.2,Mortality at 24 months,404,405,NA,NA,NA,NA,1.603960396039604,0.5292239524724195,4.861248135207182,0.32005561667277865,NA,NA,-1.99,Time-compatible; dose and population require source verification,"Verify version, change score and analysis population in source",CD016297-data-rows.csv | CREAD 2022 | 6.2
Marguerite RoAD 2024,6.2,Mortality at 24 months,192,195,NA,NA,NA,NA,1.015625,0.20755788006561005,4.96966985931317,0.6563301282051287,NA,NA,NA,Unknown / quarantined,"Verify version, change score and analysis population in source",CD016297-data-rows.csv | Marguerite RoAD 2024 | 6.2
SCarlet RoAD 2017,6.2,Mortality at 24 months,260,266,NA,NA,NA,NA,0.34102564102564104,0.06946398082624776,1.6742272247231282,0.6590611143242727,NA,NA,-12.64,Time-compatible; dose and population require source verification,"Verify version, change score and analysis population in source",CD016297-data-rows.csv | SCarlet RoAD 2017 | 6.2
GRADUATE I 2023,6.3,Mortality above 24 months,503,481,NA,NA,NA,NA,0.2868787276341948,0.07943366362017115,1.0360771569412504,0.42926625968375504,NA,NA,-66.44,Time-compatible; dose and population require source verification,"Verify version, change score and analysis population in source",CD016297-data-rows.csv | GRADUATE I 2023 | 6.3
GRADUATE II 2023,6.3,Mortality above 24 months,501,474,NA,NA,NA,NA,1.655688622754491,0.4878149004937899,5.619559412276626,0.388751430231761,NA,NA,-56.46,Time-compatible; dose and population require source verification,"Verify version, change score and analysis population in source",CD016297-data-rows.csv | GRADUATE II 2023 | 6.3
CREAD 2 2022,7.1,NPI-Q score at 12 months,110,102,0.76,0,9.29,8.24,0.08604846600191733,-0.1834920094196857,0.3555889414235204,0.01891262441734989,0.76,1.4502454723707663,-3.79,Time mismatch,"Verify version, change score and analysis population in source",CD016297-data-rows.csv | CREAD 2 2022 | 7.1
ENVISION,7.2,NPI-Q score at 18 months,5,3,-1.8,-8.3,6.94,16.2,0.5168562568898105,-0.9579855762756352,1.9916980900552563,0.5662323961764549,6.500000000000001,97.11272000000001,NA,Unknown / quarantined,"Verify version, change score and analysis population in source",CD016297-data-rows.csv | ENVISION | 7.2
CREAD 2022,7.2,NPI-Q score at 18 months,87,84,1.55,1.02,5.16,5.11,0.10274442018549164,-0.19726844852848777,0.402757288899471,0.02343060946250822,0.53,0.6168997126436782,-1.99,Time mismatch,"Verify version, change score and analysis population in source",CD016297-data-rows.csv | CREAD 2022 | 7.2
CREAD 2 2022,8.1,Infusion reaction at 18 months,404,398,NA,NA,NA,NA,0.7626956244011498,0.45589111430639045,1.2759726988004287,0.06893692084397289,NA,NA,-3.79,Time mismatch,"Verify version, change score and analysis population in source",CD016297-data-rows.csv | CREAD 2 2022 | 8.1
TRAILBLAZER-ALZ 2 2023,8.1,Infusion reaction at 18 months,853,874,NA,NA,NA,NA,18.955451348182883,6.961564222363965,51.61327603055803,0.2611970158112328,NA,NA,-86.33,Time-compatible; dose and population require source verification,"Verify version, change score and analysis population in source",CD016297-data-rows.csv | TRAILBLAZER-ALZ 2 2023 | 8.1
CLARITY AD 2023,8.1,Infusion reaction at 18 months,898,897,NA,NA,NA,NA,3.5869103057299045,2.775065239465424,4.636260567275828,0.0171425114863294,NA,NA,-59.12,Time-compatible; dose and population require source verification,"Verify version, change score and analysis population in source",CD016297-data-rows.csv | CLARITY AD 2023 | 8.1
CREAD 2022,8.2,Infusion reaction at 24 months,404,405,NA,NA,NA,NA,1.1491789422844725,0.7737788248778544,1.7067050673020483,0.04072245631989828,NA,NA,-1.99,Time-compatible; dose and population require source verification,"Verify version, change score and analysis population in source",CD016297-data-rows.csv | CREAD 2022 | 8.2
EMERGE 2022,9.1,Study discontinuation at 18 months,1094,549,NA,NA,NA,NA,1.3510757980593446,0.9995632109317564,1.8262034778171936,0.02363805596640434,NA,NA,-48.74,Time-compatible; dose and population require source verification,"Verify version, change score and analysis population in source",CD016297-data-rows.csv | EMERGE 2022 | 9.1
ENGAGE 2022,9.1,Study discontinuation at 18 months,1105,548,NA,NA,NA,NA,1.1933257918552036,0.9083116188963478,1.5677730152093892,0.01938871159969273,NA,NA,-42.24,Time-compatible; dose and population require source verification,"Verify version, change score and analysis population in source",CD016297-data-rows.csv | ENGAGE 2022 | 9.1
3000 Non Carriers 2016,9.1,Study discontinuation at 18 months,269,346,NA,NA,NA,NA,0.9675809638634918,0.8563137547451485,1.0933059482498146,0.00388488292723658,NA,NA,6.52,PET time requires verification,"Verify version, change score and analysis population in source",CD016297-data-rows.csv | 3000 Non Carriers 2016 | 9.1
3001 Carriers 2016,9.1,Study discontinuation at 18 months,658,441,NA,NA,NA,NA,1.1069320521619768,0.9443295284761288,1.2975328327186784,0.00657053236817491,NA,NA,-9.6,PET time requires verification,"Verify version, change score and analysis population in source",CD016297-data-rows.csv | 3001 Carriers 2016 | 9.1
Bapineuzumab-301 2014,9.1,Study discontinuation at 18 months,666,524,NA,NA,NA,NA,1.0525227213968935,0.8817093871430218,1.256427679245096,0.00816311315772996,NA,NA,NA,Unknown / quarantined,"Verify version, change score and analysis population in source",CD016297-data-rows.csv | Bapineuzumab-301 2014 | 9.1
Bapineuzumab-302 2014,9.1,Study discontinuation at 18 months,673,448,NA,NA,NA,NA,1.2405781439956771,1.0172849613470791,1.5128839900688054,0.01025093091321392,NA,NA,NA,Unknown / quarantined,"Verify version, change score and analysis population in source",CD016297-data-rows.csv | Bapineuzumab-302 2014 | 9.1
CREAD 2 2022,9.1,Study discontinuation at 18 months,407,399,NA,NA,NA,NA,1.307125307125307,0.8505466384473077,2.0087982143418657,0.04806703490914023,NA,NA,-3.79,Time mismatch,"Verify version, change score and analysis population in source",CD016297-data-rows.csv | CREAD 2 2022 | 9.1
TRAILBLAZER-ALZ 2 2023,9.1,Study discontinuation at 18 months,860,876,NA,NA,NA,NA,1.3601021642693911,1.1438559026274129,1.6172298390043287,0.00780500794072363,NA,NA,-86.33,Time-compatible; dose and population require source verification,"Verify version, change score and analysis population in source",CD016297-data-rows.csv | TRAILBLAZER-ALZ 2 2023 | 9.1
CLARITY AD 2023,9.1,Study discontinuation at 18 months,898,897,NA,NA,NA,NA,1.2057986000636334,0.983299869485978,1.4786438085011375,0.01083160395828458,NA,NA,-59.12,Time-compatible; dose and population require source verification,"Verify version, change score and analysis population in source",CD016297-data-rows.csv | CLARITY AD 2023 | 9.1
EXPEDITION - EXPEDITION 2 2016,9.1,Study discontinuation at 18 months,659,663,NA,NA,NA,NA,1.0344097971745496,0.8432648744502962,1.2688820095681113,0.01086582228082442,NA,NA,NA,Unknown / quarantined,"Verify version, change score and analysis population in source",CD016297-data-rows.csv | EXPEDITION - EXPEDITION 2 2016 | 9.1
EXPEDITION 3 2018,9.1,Study discontinuation at 18 months,1054,1072,NA,NA,NA,NA,0.8868422270560467,0.7206553444898731,1.091352671846841,0.01120896554430569,NA,NA,NA,Unknown / quarantined,"Verify version, change score and analysis population in source",CD016297-data-rows.csv | EXPEDITION 3 2018 | 9.1
CREAD 2022,9.2,Study discontinuation at 24 months,404,409,NA,NA,NA,NA,1.006068597513957,0.9366708778300016,1.0806079775306114,0.00132982573593869,NA,NA,-1.99,Time-compatible; dose and population require source verification,"Verify version, change score and analysis population in source",CD016297-data-rows.csv | CREAD 2022 | 9.2
SCarlet RoAD 2017,9.2,Study discontinuation at 24 months,260,266,NA,NA,NA,NA,1.0536165327210103,0.7888018745680653,1.4073341276361957,0.02181257441512234,NA,NA,-12.64,Time-compatible; dose and population require source verification,"Verify version, change score and analysis population in source",CD016297-data-rows.csv | SCarlet RoAD 2017 | 9.2
GRADUATE I 2023,9.3,Study discontinuation above 24 months,499,485,NA,NA,NA,NA,1.229806551879269,0.9736316152968528,1.5533843922930235,0.01420273407555015,NA,NA,-66.44,Time-compatible; dose and population require source verification,"Verify version, change score and analysis population in source",CD016297-data-rows.csv | GRADUATE I 2023 | 9.3
GRADUATE II 2023,9.3,Study discontinuation above 24 months,498,477,NA,NA,NA,NA,1.5085843373493977,1.174326069747422,1.9379853360365351,0.01633203974929367,NA,NA,-56.46,Time-compatible; dose and population require source verification,"Verify version, change score and analysis population in source",CD016297-data-rows.csv | GRADUATE II 2023 | 9.3
