analysis_id,outcome,scope,study,agent,effect,variance,ci_low,ci_high,reduction_cl,pet_week,pairing_status,amyloid_source,mapping_note,included,reason,weight_percent
1.1,ADAS-Cog scale at 18 months,all_pet,EMERGE 2022,Aducanumab,-0.2096907174412845,0.00685441023598852,-0.37195881246213014,-0.0474226224204389,48.74,78,Time-compatible; dose and population require source verification,Imbimbo 2024 Table 1,"High-dose aducanumab, 78 weeks",TRUE,Included: measured PET; no minimum clearance or approval restriction,11.078757575117388
1.1,ADAS-Cog scale at 18 months,all_pet,ENGAGE 2022,Aducanumab,-0.06201399463076672,0.0063959147340604,-0.2187610618172498,0.09473307255571636,42.24,78,Time-compatible; dose and population require source verification,Imbimbo 2024 Table 1,"High-dose aducanumab, 78 weeks",TRUE,Included: measured PET; no minimum clearance or approval restriction,11.872945854096944
1.1,ADAS-Cog scale at 18 months,all_pet,ENVISION,Aducanumab,-1.0021345469935967,0.6570123543035383,-2.5908088067914763,0.5865397128042826,NA,NA,Unknown / quarantined,Not available,No matched trial-level Centiloid estimate,FALSE,PET value unknown or quarantined,NA
1.1,ADAS-Cog scale at 18 months,all_pet,3000 Non Carriers 2016,Bapineuzumab,-0.0704131837413032,0.01117542213044339,-0.2776085599396443,0.13678219245703785,-6.52,NA,PET time requires verification,Imbimbo 2024 Table 1,Highest-dose bapineuzumab arm,TRUE,Included: measured PET; no minimum clearance or approval restriction,6.7951213330951905
1.1,ADAS-Cog scale at 18 months,all_pet,3001 Carriers 2016,Bapineuzumab,0.10871579663756864,0.01186427280471404,-0.10476983617361184,0.3222014294487491,9.6,NA,PET time requires verification,Imbimbo 2024 Table 1,Bapineuzumab 0.5 mg/kg arm,TRUE,Included: measured PET; no minimum clearance or approval restriction,6.4005902911088945
1.1,ADAS-Cog scale at 18 months,all_pet,Bapineuzumab-301 2014,Bapineuzumab,-0.05348629124709096,0.00797182981944506,-0.2284818796971421,0.12150929720296016,NA,NA,Unknown / quarantined,Not available,No unambiguous matched trial-level estimate,FALSE,PET value unknown or quarantined,NA
1.1,ADAS-Cog scale at 18 months,all_pet,Bapineuzumab-302 2014,Bapineuzumab,-0.03324021528476897,0.00688779824163567,-0.19590303620735355,0.1294226056378156,NA,NA,Unknown / quarantined,Not available,No unambiguous matched trial-level estimate,FALSE,PET value unknown or quarantined,NA
1.1,ADAS-Cog scale at 18 months,all_pet,CREAD 2 2022,Crenezumab,-0.3377306247437116,0.15247315643733267,-1.1030536622352447,0.42759241274782145,3.79,53,Time mismatch,Imbimbo 2024 Table 1,"Crenezumab 60 mg/kg, 53 weeks",TRUE,Included: measured PET; no minimum clearance or approval restriction,0.4980440564049783
1.1,ADAS-Cog scale at 18 months,all_pet,TRAILBLAZER-ALZ 2 2023,Donanemab,-0.17461605996336704,0.00313646123056485,-0.28438211418742354,-0.06485000573931052,86.33,76,Time-compatible; dose and population require source verification,Imbimbo 2024 Table 1,"Donanemab, 76 weeks",TRUE,Included: measured PET; no minimum clearance or approval restriction,24.21147393275578
1.1,ADAS-Cog scale at 18 months,all_pet,SCarlet RoAD 2017,Gantenerumab,-0.02475644808313742,0.01170321613523571,-0.23678810339241205,0.1872752072261372,12.64,104,Time mismatch,Imbimbo 2024 Table 1,Gantenerumab 225 mg every 4 weeks,TRUE,Included: measured PET; no minimum clearance or approval restriction,6.488673578905114
1.1,ADAS-Cog scale at 18 months,all_pet,CLARITY AD 2023,Lecanemab,-0.16356516579866837,0.00232551707345089,-0.258081715008226,-0.06904861658911071,59.12,78,Time-compatible; dose and population require source verification,Imbimbo 2024 Table 1,Lecanemab 10 mg/kg every 2 weeks,TRUE,Included: measured PET; no minimum clearance or approval restriction,32.654393378515714
1.1,ADAS-Cog scale at 18 months,all_pet,EXPEDITION - EXPEDITION 2 2016,Solanezumab,-0.16727429919111023,0.00303636065532367,-0.27527455114545396,-0.05927404723676646,NA,NA,Unknown / quarantined,Not available,No plaque PET reduction estimate; soluble-Aβ target,FALSE,PET value unknown or quarantined,NA
1.1,ADAS-Cog scale at 18 months,all_pet,EXPEDITION 3 2018,Solanezumab,-0.0739546137730699,0.0018801964688810401,-0.15894106745847214,0.01103183991233232,NA,NA,Unknown / quarantined,Not available,No plaque PET reduction estimate; soluble-Aβ target,FALSE,PET value unknown or quarantined,NA
1.1,ADAS-Cog scale at 18 months,time_screen,EMERGE 2022,Aducanumab,-0.2096907174412845,0.00685441023598852,-0.37195881246213014,-0.0474226224204389,48.74,78,Time-compatible; dose and population require source verification,Imbimbo 2024 Table 1,"High-dose aducanumab, 78 weeks",TRUE,Included: measured PET; no minimum clearance or approval restriction,13.882397204017183
1.1,ADAS-Cog scale at 18 months,time_screen,ENGAGE 2022,Aducanumab,-0.06201399463076672,0.0063959147340604,-0.2187610618172498,0.09473307255571636,42.24,78,Time-compatible; dose and population require source verification,Imbimbo 2024 Table 1,"High-dose aducanumab, 78 weeks",TRUE,Included: measured PET; no minimum clearance or approval restriction,14.877414945944547
1.1,ADAS-Cog scale at 18 months,time_screen,ENVISION,Aducanumab,-1.0021345469935967,0.6570123543035383,-2.5908088067914763,0.5865397128042826,NA,NA,Unknown / quarantined,Not available,No matched trial-level Centiloid estimate,FALSE,PET value unknown or quarantined,NA
1.1,ADAS-Cog scale at 18 months,time_screen,3000 Non Carriers 2016,Bapineuzumab,-0.0704131837413032,0.01117542213044339,-0.2776085599396443,0.13678219245703785,-6.52,NA,PET time requires verification,Imbimbo 2024 Table 1,Highest-dose bapineuzumab arm,FALSE,PET time requires verification,NA
1.1,ADAS-Cog scale at 18 months,time_screen,3001 Carriers 2016,Bapineuzumab,0.10871579663756864,0.01186427280471404,-0.10476983617361184,0.3222014294487491,9.6,NA,PET time requires verification,Imbimbo 2024 Table 1,Bapineuzumab 0.5 mg/kg arm,FALSE,PET time requires verification,NA
1.1,ADAS-Cog scale at 18 months,time_screen,Bapineuzumab-301 2014,Bapineuzumab,-0.05348629124709096,0.00797182981944506,-0.2284818796971421,0.12150929720296016,NA,NA,Unknown / quarantined,Not available,No unambiguous matched trial-level estimate,FALSE,PET value unknown or quarantined,NA
1.1,ADAS-Cog scale at 18 months,time_screen,Bapineuzumab-302 2014,Bapineuzumab,-0.03324021528476897,0.00688779824163567,-0.19590303620735355,0.1294226056378156,NA,NA,Unknown / quarantined,Not available,No unambiguous matched trial-level estimate,FALSE,PET value unknown or quarantined,NA
1.1,ADAS-Cog scale at 18 months,time_screen,CREAD 2 2022,Crenezumab,-0.3377306247437116,0.15247315643733267,-1.1030536622352447,0.42759241274782145,3.79,53,Time mismatch,Imbimbo 2024 Table 1,"Crenezumab 60 mg/kg, 53 weeks",FALSE,Time mismatch,NA
1.1,ADAS-Cog scale at 18 months,time_screen,TRAILBLAZER-ALZ 2 2023,Donanemab,-0.17461605996336704,0.00313646123056485,-0.28438211418742354,-0.06485000573931052,86.33,76,Time-compatible; dose and population require source verification,Imbimbo 2024 Table 1,"Donanemab, 76 weeks",TRUE,Included: measured PET; no minimum clearance or approval restriction,30.333434254482384
1.1,ADAS-Cog scale at 18 months,time_screen,SCarlet RoAD 2017,Gantenerumab,-0.02475644808313742,0.01170321613523571,-0.23678810339241205,0.1872752072261372,12.64,104,Time mismatch,Imbimbo 2024 Table 1,Gantenerumab 225 mg every 4 weeks,FALSE,Time mismatch,NA
1.1,ADAS-Cog scale at 18 months,time_screen,CLARITY AD 2023,Lecanemab,-0.16356516579866837,0.00232551707345089,-0.258081715008226,-0.06904861658911071,59.12,78,Time-compatible; dose and population require source verification,Imbimbo 2024 Table 1,Lecanemab 10 mg/kg every 2 weeks,TRUE,Included: measured PET; no minimum clearance or approval restriction,40.90675359555587
1.1,ADAS-Cog scale at 18 months,time_screen,EXPEDITION - EXPEDITION 2 2016,Solanezumab,-0.16727429919111023,0.00303636065532367,-0.27527455114545396,-0.05927404723676646,NA,NA,Unknown / quarantined,Not available,No plaque PET reduction estimate; soluble-Aβ target,FALSE,PET value unknown or quarantined,NA
1.1,ADAS-Cog scale at 18 months,time_screen,EXPEDITION 3 2018,Solanezumab,-0.0739546137730699,0.0018801964688810401,-0.15894106745847214,0.01103183991233232,NA,NA,Unknown / quarantined,Not available,No plaque PET reduction estimate; soluble-Aβ target,FALSE,PET value unknown or quarantined,NA
2.1,CDR-SB scale at 18 months,all_pet,EMERGE 2022,Aducanumab,-0.20960656521752616,0.00685437997769713,-0.3718743020776729,-0.0473388283573794,48.74,78,Time-compatible; dose and population require source verification,Imbimbo 2024 Table 1,"High-dose aducanumab, 78 weeks",TRUE,Included: measured PET; no minimum clearance or approval restriction,12.817954505502579
2.1,CDR-SB scale at 18 months,all_pet,ENGAGE 2022,Aducanumab,0.01537756078862819,0.00639302297192674,-0.14133406764528272,0.17208918922253913,42.24,78,Time-compatible; dose and population require source verification,Imbimbo 2024 Table 1,"High-dose aducanumab, 78 weeks",TRUE,Included: measured PET; no minimum clearance or approval restriction,13.742821529135462
2.1,CDR-SB scale at 18 months,all_pet,ENVISION,Aducanumab,0.6528580708871715,0.3128507452314045,-0.4434098046021674,1.7491259463765103,NA,NA,Unknown / quarantined,Not available,No matched trial-level Centiloid estimate,FALSE,PET value unknown or quarantined,NA
2.1,CDR-SB scale at 18 months,all_pet,CREAD 2 2022,Crenezumab,-0.8031462679187892,0.16398620831899138,-1.5968378115421125,-0.00945472429546601,3.79,53,Time mismatch,Imbimbo 2024 Table 1,"Crenezumab 60 mg/kg, 53 weeks",TRUE,Included: measured PET; no minimum clearance or approval restriction,0.5358489608092212
2.1,CDR-SB scale at 18 months,all_pet,TRAILBLAZER-ALZ 2 2023,Donanemab,-0.2931287586575765,0.00319426984689065,-0.40390175211272944,-0.18235576520242353,86.33,76,Time-compatible; dose and population require source verification,Imbimbo 2024 Table 1,"Donanemab, 76 weeks",TRUE,Included: measured PET; no minimum clearance or approval restriction,27.50047508893065
2.1,CDR-SB scale at 18 months,all_pet,EXPEDITION - EXPEDITION 2 2016,Solanezumab,-0.04784395515879964,0.00302661464712805,-0.15567074001790648,0.05998282970030719,NA,NA,Unknown / quarantined,Not available,No plaque PET reduction estimate; soluble-Aβ target,FALSE,PET value unknown or quarantined,NA
2.1,CDR-SB scale at 18 months,all_pet,EXPEDITION 3 2018,Solanezumab,-0.09136907215605586,0.00188087386680117,-0.17637083393918862,-0.00636731037292309,NA,NA,Unknown / quarantined,Not available,No plaque PET reduction estimate; soluble-Aβ target,FALSE,PET value unknown or quarantined,NA
2.1,CDR-SB scale at 18 months,all_pet,CLARITY AD 2023,Lecanemab,-0.19222440616983708,0.00231768038139898,-0.2865815667072063,-0.09786724563246783,59.12,78,Time-compatible; dose and population require source verification,Imbimbo 2024 Table 1,Lecanemab 10 mg/kg every 2 weeks,TRUE,Included: measured PET; no minimum clearance or approval restriction,37.897020441224306
2.1,CDR-SB scale at 18 months,all_pet,SCarlet RoAD 2017,Gantenerumab,0.05066915011037523,0.0117061068662468,-0.1613886898232896,0.2627269900440401,12.64,104,Time mismatch,Imbimbo 2024 Table 1,Gantenerumab 225 mg every 4 weeks,TRUE,Included: measured PET; no minimum clearance or approval restriction,7.505879474397774
2.1,CDR-SB scale at 18 months,time_screen,EMERGE 2022,Aducanumab,-0.20960656521752616,0.00685437997769713,-0.3718743020776729,-0.0473388283573794,48.74,78,Time-compatible; dose and population require source verification,Imbimbo 2024 Table 1,"High-dose aducanumab, 78 weeks",TRUE,Included: measured PET; no minimum clearance or approval restriction,15.898157266498025
2.1,CDR-SB scale at 18 months,time_screen,ENGAGE 2022,Aducanumab,0.01537756078862819,0.00639302297192674,-0.14133406764528272,0.17208918922253913,42.24,78,Time-compatible; dose and population require source verification,Imbimbo 2024 Table 1,"High-dose aducanumab, 78 weeks",TRUE,Included: measured PET; no minimum clearance or approval restriction,16.887608071021084
2.1,CDR-SB scale at 18 months,time_screen,ENVISION,Aducanumab,0.6528580708871715,0.3128507452314045,-0.4434098046021674,1.7491259463765103,NA,NA,Unknown / quarantined,Not available,No matched trial-level Centiloid estimate,FALSE,PET value unknown or quarantined,NA
2.1,CDR-SB scale at 18 months,time_screen,CREAD 2 2022,Crenezumab,-0.8031462679187892,0.16398620831899138,-1.5968378115421125,-0.00945472429546601,3.79,53,Time mismatch,Imbimbo 2024 Table 1,"Crenezumab 60 mg/kg, 53 weeks",FALSE,Time mismatch,NA
2.1,CDR-SB scale at 18 months,time_screen,TRAILBLAZER-ALZ 2 2023,Donanemab,-0.2931287586575765,0.00319426984689065,-0.40390175211272944,-0.18235576520242353,86.33,76,Time-compatible; dose and population require source verification,Imbimbo 2024 Table 1,"Donanemab, 76 weeks",TRUE,Included: measured PET; no minimum clearance or approval restriction,29.706085721040985
2.1,CDR-SB scale at 18 months,time_screen,EXPEDITION - EXPEDITION 2 2016,Solanezumab,-0.04784395515879964,0.00302661464712805,-0.15567074001790648,0.05998282970030719,NA,NA,Unknown / quarantined,Not available,No plaque PET reduction estimate; soluble-Aβ target,FALSE,PET value unknown or quarantined,NA
2.1,CDR-SB scale at 18 months,time_screen,EXPEDITION 3 2018,Solanezumab,-0.09136907215605586,0.00188087386680117,-0.17637083393918862,-0.00636731037292309,NA,NA,Unknown / quarantined,Not available,No plaque PET reduction estimate; soluble-Aβ target,FALSE,PET value unknown or quarantined,NA
2.1,CDR-SB scale at 18 months,time_screen,CLARITY AD 2023,Lecanemab,-0.19222440616983708,0.00231768038139898,-0.2865815667072063,-0.09786724563246783,59.12,78,Time-compatible; dose and population require source verification,Imbimbo 2024 Table 1,Lecanemab 10 mg/kg every 2 weeks,TRUE,Included: measured PET; no minimum clearance or approval restriction,37.508148941439906
2.1,CDR-SB scale at 18 months,time_screen,SCarlet RoAD 2017,Gantenerumab,0.05066915011037523,0.0117061068662468,-0.1613886898232896,0.2627269900440401,12.64,104,Time mismatch,Imbimbo 2024 Table 1,Gantenerumab 225 mg every 4 weeks,FALSE,Time mismatch,NA
1.4,MMSE scale at 18 months,all_pet,EMERGE 2022,Aducanumab,0.17649873250699524,0.00684341789008546,0.01436080351576632,0.33863666149822413,48.74,78,Time-compatible; dose and population require source verification,Imbimbo 2024 Table 1,"High-dose aducanumab, 78 weeks",TRUE,Included: measured PET; no minimum clearance or approval restriction,22.79255094480349
1.4,MMSE scale at 18 months,all_pet,ENGAGE 2022,Aducanumab,-0.02786111284088035,0.00639345544014528,-0.18457804171348471,0.12885581603172402,42.24,78,Time-compatible; dose and population require source verification,Imbimbo 2024 Table 1,"High-dose aducanumab, 78 weeks",TRUE,Included: measured PET; no minimum clearance or approval restriction,23.89198651276514
1.4,MMSE scale at 18 months,all_pet,ENVISION,Aducanumab,3.1165966491626023,1.7295371108667763,0.5390114245275348,5.694181873797669,NA,NA,Unknown / quarantined,Not available,No matched trial-level Centiloid estimate,FALSE,PET value unknown or quarantined,NA
1.4,MMSE scale at 18 months,all_pet,CREAD 2 2022,Crenezumab,0.16793884927381217,0.15061152335419375,-0.5926977031526056,0.92857540170023,3.79,53,Time mismatch,Imbimbo 2024 Table 1,"Crenezumab 60 mg/kg, 53 weeks",TRUE,Included: measured PET; no minimum clearance or approval restriction,1.4514842390574643
1.4,MMSE scale at 18 months,all_pet,TRAILBLAZER-ALZ 2 2023,Donanemab,0.14556071158732342,0.00314772931427995,0.03559766079525875,0.2555237623793881,86.33,76,Time-compatible; dose and population require source verification,Imbimbo 2024 Table 1,"Donanemab, 76 weeks",TRUE,Included: measured PET; no minimum clearance or approval restriction,36.64114336428637
1.4,MMSE scale at 18 months,all_pet,EXPEDITION - EXPEDITION 2 2016,Solanezumab,0.16432765990782358,0.00303598999262277,0.0563340002018026,0.27232131961384454,NA,NA,Unknown / quarantined,Not available,No plaque PET reduction estimate; soluble-Aβ target,FALSE,PET value unknown or quarantined,NA
1.4,MMSE scale at 18 months,all_pet,EXPEDITION 3 2018,Solanezumab,0.09752706631305172,0.00188114755820682,0.01251912032856845,0.182535012297535,NA,NA,Unknown / quarantined,Not available,No plaque PET reduction estimate; soluble-Aβ target,FALSE,PET value unknown or quarantined,NA
1.4,MMSE scale at 18 months,all_pet,SCarlet RoAD 2017,Gantenerumab,0.04808638527620419,0.01170572962208307,-0.16396803771329993,0.2601408082657083,12.64,104,Time mismatch,Imbimbo 2024 Table 1,Gantenerumab 225 mg every 4 weeks,TRUE,Included: measured PET; no minimum clearance or approval restriction,15.222834939087534
1.4,MMSE scale at 18 months,time_screen,EMERGE 2022,Aducanumab,0.17649873250699524,0.00684341789008546,0.01436080351576632,0.33863666149822413,48.74,78,Time-compatible; dose and population require source verification,Imbimbo 2024 Table 1,"High-dose aducanumab, 78 weeks",TRUE,Included: measured PET; no minimum clearance or approval restriction,NA
1.4,MMSE scale at 18 months,time_screen,ENGAGE 2022,Aducanumab,-0.02786111284088035,0.00639345544014528,-0.18457804171348471,0.12885581603172402,42.24,78,Time-compatible; dose and population require source verification,Imbimbo 2024 Table 1,"High-dose aducanumab, 78 weeks",TRUE,Included: measured PET; no minimum clearance or approval restriction,NA
1.4,MMSE scale at 18 months,time_screen,ENVISION,Aducanumab,3.1165966491626023,1.7295371108667763,0.5390114245275348,5.694181873797669,NA,NA,Unknown / quarantined,Not available,No matched trial-level Centiloid estimate,FALSE,PET value unknown or quarantined,NA
1.4,MMSE scale at 18 months,time_screen,CREAD 2 2022,Crenezumab,0.16793884927381217,0.15061152335419375,-0.5926977031526056,0.92857540170023,3.79,53,Time mismatch,Imbimbo 2024 Table 1,"Crenezumab 60 mg/kg, 53 weeks",FALSE,Time mismatch,NA
1.4,MMSE scale at 18 months,time_screen,TRAILBLAZER-ALZ 2 2023,Donanemab,0.14556071158732342,0.00314772931427995,0.03559766079525875,0.2555237623793881,86.33,76,Time-compatible; dose and population require source verification,Imbimbo 2024 Table 1,"Donanemab, 76 weeks",TRUE,Included: measured PET; no minimum clearance or approval restriction,NA
1.4,MMSE scale at 18 months,time_screen,EXPEDITION - EXPEDITION 2 2016,Solanezumab,0.16432765990782358,0.00303598999262277,0.0563340002018026,0.27232131961384454,NA,NA,Unknown / quarantined,Not available,No plaque PET reduction estimate; soluble-Aβ target,FALSE,PET value unknown or quarantined,NA
1.4,MMSE scale at 18 months,time_screen,EXPEDITION 3 2018,Solanezumab,0.09752706631305172,0.00188114755820682,0.01251912032856845,0.182535012297535,NA,NA,Unknown / quarantined,Not available,No plaque PET reduction estimate; soluble-Aβ target,FALSE,PET value unknown or quarantined,NA
1.4,MMSE scale at 18 months,time_screen,SCarlet RoAD 2017,Gantenerumab,0.04808638527620419,0.01170572962208307,-0.16396803771329993,0.2601408082657083,12.64,104,Time mismatch,Imbimbo 2024 Table 1,Gantenerumab 225 mg every 4 weeks,FALSE,Time mismatch,NA
