analysis_id,outcome,measure,agent,k,estimate,ci_low,ci_high,p_value,tau2,i2,pi_low,pi_high,active_events,active_n,control_events,control_n,rd_per_1000,rd_ci_low_per_1000,rd_ci_high_per_1000,active_risk,control_risk,nn_type,number_needed,nn_ci_low,nn_ci_high
4.1,Any ARIA at 18 months,RD,Donanemab,1,0.21937112519818328,0.17932054277401438,0.25942170762235217,6.94086434580125e-27,0,NA,NA,NA,314,853,130,874,219.37112519818328,179.32054277401437,259.4217076223522,0.36811254396248533,0.14874141876430205,NNH,4.5584850745356045,3.8547275367400227,5.576605917707001
4.1,Any ARIA at 18 months,RD,Lecanemab,1,0.12016173684615634,0.0871593703942988,0.1531641032980139,9.592124608916213e-13,0,NA,NA,NA,193,898,85,897,120.16173684615634,87.1593703942988,153.16410329801388,0.21492204899777284,0.0947603121516165,NNH,8.32211672572863,6.528944958168715,11.473235700029921
4.10,Symptomatic ARIA H at 18 months,RD,Lecanemab,1,0.0044518600730472525,-0.0017059409913244448,0.01060966113741895,0.15648856341538972,0,NA,NA,NA,6,898,2,897,4.451860073047253,-1.7059409913244448,10.60966113741895,0.0066815144766146995,0.002229654403567447,Indeterminate (CI crosses 0),NA,NA,NA
4.2,Any ARIA E at 18 months,RD,Aducanumab,2,0.32634445196067946,0.29642303493332717,0.35626586898803175,2.1980842267000138e-101,0,0,NA,NA,387,1095,29,1076,326.34445196067946,296.4230349333272,356.26586898803174,0.35342465753424657,0.02695167286245353,NNH,3.0642469758318054,2.806892512158086,3.3735569849520117
4.2,Any ARIA E at 18 months,RD,Bapineuzumab,4,0.1078750173625103,0.02654784414502663,0.189202190579994,0.024304125731331828,0.002405856442659686,91.48448375505488,-0.06813787339623982,0.2838879081212604,256,1923,13,1755,107.8750173625103,26.54784414502663,189.20219057999398,0.13312532501300053,0.007407407407407408,NNH,9.269986920507593,5.285351067736204,37.667842049138144
4.2,Any ARIA E at 18 months,RD,Crenezumab,1,0.002512562814070352,-0.002405779320683517,0.007430904948824221,0.31670177648067804,0,NA,NA,NA,1,398,0,388,2.512562814070352,-2.405779320683517,7.430904948824221,0.002512562814070352,0,Indeterminate (CI crosses 0),NA,NA,NA
4.2,Any ARIA E at 18 months,RD,Donanemab,1,0.2197332875488584,0.18955288134294265,0.24991369375477415,3.3738984753675034e-46,0,NA,NA,NA,205,853,18,874,219.7332875488584,189.55288134294264,249.91369375477416,0.2403282532239156,0.020594965675057208,NNH,4.550971822044245,4.001381376809396,5.275572668245444
4.2,Any ARIA E at 18 months,RD,Lecanemab,1,0.109112781282821,0.08585385873031615,0.13237170383532584,3.7629719226187134e-20,0,NA,NA,NA,113,898,15,897,109.11278128282099,85.85385873031615,132.37170383532583,0.12583518930957685,0.016722408026755852,NNH,9.164829163395568,7.554484614355561,11.647700112597112
4.2,Any ARIA E at 18 months,RD,Solanezumab,2,0.002027784855756235,-0.0046053188755824665,0.008660888587094935,0.5490566588180448,1.3757766079404708e-5,46.505028216112926,NA,NA,10,1711,5,1727,2.027784855756235,-4.6053188755824666,8.660888587094936,0.0058445353594389245,0.0028951939779965257,Indeterminate (CI crosses 0),NA,NA,NA
4.3,Any ARIA E at 24 months,RD,Aducanumab,1,0.010294117647058823,0.002707620932523162,0.017880614361594487,0.007826249233872064,0,NA,NA,NA,7,680,0,344,10.294117647058824,2.707620932523162,17.880614361594485,0.010294117647058823,0,NNH,97.14285714285714,55.92648998391719,369.32791735663153
4.3,Any ARIA E at 24 months,RD,Crenezumab,1,-1.26260234970298e-5,-0.006968277874957669,0.006943025827963609,0.9971613229067907,0,NA,NA,NA,1,399,1,397,-0.0126260234970298,-6.968277874957669,6.943025827963609,0.002506265664160401,0.0025188916876574307,Indeterminate (CI crosses 0),NA,NA,NA
4.3,Any ARIA E at 24 months,RD,Gantenerumab,2,0.10318325053945925,0.055435776541880144,0.15093072453703835,2.280218372913071e-5,6.892178925978208e-4,58.04599681325556,NA,NA,53,452,5,461,103.18325053945925,55.435776541880145,150.93072453703834,0.1172566371681416,0.010845986984815618,NNH,9.69149541976855,6.625556215060773,18.03889225299349
4.4,Any ARIA E above 24 months,RD,Gantenerumab,2,0.22130290739397204,0.19254932956059068,0.2500564852273534,2.034882669558399e-51,0,0,NA,NA,247,993,26,946,221.30290739397205,192.54932956059068,250.05648522735342,0.24874118831822759,0.02748414376321353,NNH,4.518693458553444,3.9990964405133975,5.193474328277647
4.5,Symptomatic ARIA E at 18 months,RD,Donanemab,1,0.059817148253170256,0.04360528969497926,0.07602900681136125,4.769505872841138e-13,0,NA,NA,NA,52,853,1,874,59.81714825317026,43.60528969497926,76.02900681136126,0.06096131301289566,0.0011441647597254005,NNH,16.717614082296222,13.152874697957607,22.932997510050726
4.5,Symptomatic ARIA E at 18 months,RD,Lecanemab,1,0.02783964365256125,0.01707968228102067,0.03859960502410183,3.955501400814639e-7,0,NA,NA,NA,25,898,0,897,27.83964365256125,17.07968228102067,38.59960502410183,0.02783964365256125,0,NNH,35.919999999999995,25.907000845619894,58.54909848710843
4.6,Symptomatic ARIA E above 24 months,RD,Gantenerumab,2,0.048265379952996366,0.034351686206574,0.06217907369941873,1.0538972686827488e-11,0,0,NA,NA,50,993,2,946,48.26537995299637,34.351686206574,62.17907369941873,0.050352467270896276,0.0021141649048625794,NNH,20.718784374511465,16.08258117247167,29.110652501495736
4.7,Any ARIA H at 18 months,RD,Crenezumab,1,-0.009027094234056877,-0.04085086801721291,0.022796679549099155,0.5782374626372103,0,NA,NA,NA,20,398,23,388,-9.027094234056877,-40.85086801721291,22.796679549099157,0.05025125628140704,0.059278350515463915,Indeterminate (CI crosses 0),NA,NA,NA
4.7,Any ARIA H at 18 months,RD,Donanemab,1,0.17802962219760116,0.1394636530951274,0.2165955913000749,1.4606921279271356e-19,0,NA,NA,NA,268,853,119,874,178.02962219760116,139.4636530951274,216.59559130007491,0.3141852286049238,0.13615560640732266,NNH,5.617042757581465,4.616899143688407,7.170327019312375
4.7,Any ARIA H at 18 months,RD,Lecanemab,1,0.08230478730139812,0.051277005591654747,0.1133325690111415,2.0032942580764515e-7,0,NA,NA,NA,155,898,81,897,82.30478730139812,51.27700559165475,113.3325690111415,0.17260579064587972,0.0903010033444816,NNH,12.14996153672112,8.823588918219016,19.501918812567098
4.8,Any ARIA H at 24 months,RD,Aducanumab,1,0.0029411764705882353,-0.001129012440247156,0.0070113653814236265,0.15668830620866697,0,NA,NA,NA,2,680,0,344,2.941176470588235,-1.129012440247156,7.0113653814236265,0.0029411764705882353,0,Indeterminate (CI crosses 0),NA,NA,NA
4.8,Any ARIA H at 24 months,RD,Crenezumab,1,0.01965871858487528,-0.019655991807230662,0.05897342897698122,0.3270614572843214,0,NA,NA,NA,39,399,31,397,19.658718584875277,-19.655991807230663,58.97342897698122,0.09774436090225563,0.07808564231738035,Indeterminate (CI crosses 0),NA,NA,NA
4.8,Any ARIA H at 24 months,RD,Gantenerumab,2,0.02442569588361382,-0.011211675386535891,0.06006306715376353,0.1791584733998657,0,0,NA,NA,54,452,43,461,24.42569588361382,-11.211675386535891,60.06306715376353,0.11946902654867257,0.09327548806941431,Indeterminate (CI crosses 0),NA,NA,NA
4.9,Any ARIA H above 24 months,RD,Gantenerumab,2,0.10584963151378232,0.07240783422264259,0.13929142880492207,5.516568236468517e-10,0,0,NA,NA,227,993,116,946,105.84963151378233,72.40783422264259,139.29142880492208,0.22860020140986909,0.1226215644820296,NNH,9.447364017226583,7.179192636472284,13.810660279178615
5.1,SAE at 18 months,RD,Aducanumab,2,-0.005754454437073945,-0.03468777446835019,0.023178865594202302,0.696676384986008,0,0,NA,NA,147,1095,151,1076,-5.754454437073945,-34.68777446835019,23.178865594202303,0.13424657534246576,0.14033457249070633,Indeterminate (CI crosses 0),NA,NA,NA
5.1,SAE at 18 months,RD,Bapineuzumab,2,0.04654111491762468,0.009031566324376905,0.08405066351087245,0.01502047500667611,0,0,NA,NA,252,1002,197,972,46.54111491762468,9.031566324376906,84.05066351087245,0.25149700598802394,0.20267489711934156,NNH,21.48637826510919,11.897586030009675,110.72276547434764
5.1,SAE at 18 months,RD,Crenezumab,1,-0.023844469874123086,-0.06414714286267012,0.01645820311442394,0.24621854756092923,0,NA,NA,NA,33,404,42,398,-23.844469874123085,-64.14714286267012,16.45820311442394,0.08168316831683169,0.10552763819095477,Indeterminate (CI crosses 0),NA,NA,NA
5.1,SAE at 18 months,RD,Donanemab,1,0.015610538656136236,-0.019463872790948418,0.05068495010322089,0.38303409493118734,0,NA,NA,NA,148,853,138,874,15.610538656136235,-19.463872790948418,50.68495010322089,0.1735052754982415,0.15789473684210525,Indeterminate (CI crosses 0),NA,NA,NA
5.1,SAE at 18 months,RD,Lecanemab,1,0.027714256628752612,-0.0030089782595218786,0.0584374915170271,0.07705945861309986,0,NA,NA,NA,126,898,101,897,27.71425662875261,-3.0089782595218786,58.437491517027105,0.1403118040089087,0.11259754738015608,Indeterminate (CI crosses 0),NA,NA,NA
5.1,SAE at 18 months,RD,Solanezumab,2,-0.01692908650600449,-0.04286760999270014,0.009009436980691156,0.20082879938007872,0,0,NA,NA,302,1708,334,1727,-16.92908650600449,-42.86760999270014,9.009436980691156,0.17681498829039813,0.1933989577301679,Indeterminate (CI crosses 0),NA,NA,NA
5.2,SAE at 24 months,RD,Aducanumab,1,0.019904240766073875,-0.013923800493535997,0.053732282025683746,0.24881498597289256,0,NA,NA,NA,59,680,23,344,19.904240766073876,-13.923800493535996,53.732282025683745,0.08676470588235294,0.06686046511627906,Indeterminate (CI crosses 0),NA,NA,NA
5.2,SAE at 24 months,RD,Crenezumab,1,0.010286028602860292,-0.040323641043587446,0.06089569824930803,0.6903739024681401,0,NA,NA,NA,67,404,63,405,10.286028602860291,-40.32364104358744,60.89569824930803,0.16584158415841585,0.15555555555555556,Indeterminate (CI crosses 0),NA,NA,NA
5.2,SAE at 24 months,RD,Gantenerumab,2,-0.010801603017543666,-0.05756935544078949,0.035966149405702155,0.650780311557827,0,0,NA,NA,70,452,78,461,-10.801603017543666,-57.569355440789494,35.966149405702154,0.15486725663716813,0.16919739696312364,Indeterminate (CI crosses 0),NA,NA,NA
5.3,SAE above 24 months,RD,Gantenerumab,2,-0.026968903417951468,-0.061336482991685724,0.007398676155782789,0.12404333582376337,1.0098005986647004e-4,16.24720033569558,NA,NA,137,1004,158,955,-26.968903417951466,-61.33648299168573,7.398676155782789,0.13645418326693226,0.16544502617801046,Indeterminate (CI crosses 0),NA,NA,NA
6.1,Mortality at 18 months,RD,Bapineuzumab,2,0.009869489505337592,-0.0016705603943838396,0.021409539405059023,0.09369202801155713,0,0,NA,NA,22,1002,12,972,9.869489505337592,-1.6705603943838396,21.40953940505902,0.021956087824351298,0.012345679012345678,Indeterminate (CI crosses 0),NA,NA,NA
6.1,Mortality at 18 months,RD,Crenezumab,1,-0.01507537688442211,-0.027046699688398686,-0.0031040540804455324,0.013580783662686087,0,NA,NA,NA,0,404,6,398,-15.07537688442211,-27.046699688398686,-3.1040540804455325,0,0.01507537688442211,NNTB,66.33333333333334,36.97308771572364,322.15933552822236
6.1,Mortality at 18 months,RD,Donanemab,1,0.0073156794836369676,-0.004199623150161641,0.018830982117435578,0.21307057833513438,0,NA,NA,NA,16,853,10,874,7.315679483636967,-4.199623150161641,18.83098211743558,0.018757327080890972,0.011441647597254004,Indeterminate (CI crosses 0),NA,NA,NA
6.1,Mortality at 18 months,RD,Lecanemab,1,-0.0011222759358713655,-0.00896769416176784,0.0067231422900251095,0.7791936013647353,0,NA,NA,NA,6,898,7,897,-1.1222759358713654,-8.96769416176784,6.72314229002511,0.0066815144766146995,0.007803790412486065,Indeterminate (CI crosses 0),NA,NA,NA
6.1,Mortality at 18 months,RD,Solanezumab,2,1.2312977847750688e-4,-0.016142372393156922,0.016388631950111938,0.9881622860579271,1.0264651764576934e-4,73.79501834942313,NA,NA,23,1708,25,1727,0.12312977847750689,-16.142372393156922,16.38863195011194,0.013466042154566744,0.01447596988998263,Indeterminate (CI crosses 0),NA,NA,NA
6.2,Mortality at 24 months,RD,Aducanumab,1,0.004411764705882353,-5.69500720074766e-4,0.009393030131839472,0.08258431265065903,0,NA,NA,NA,3,680,0,344,4.411764705882353,-0.569500720074766,9.393030131839472,0.004411764705882353,0,Indeterminate (CI crosses 0),NA,NA,NA
6.2,Mortality at 24 months,RD,Crenezumab,1,0.007456301185674124,-0.009870382949042234,0.024782985320390482,0.3989803659569667,0,NA,NA,NA,8,404,5,405,7.456301185674124,-9.870382949042234,24.78298532039048,0.019801980198019802,0.012345679012345678,Indeterminate (CI crosses 0),NA,NA,NA
6.2,Mortality at 24 months,RD,Gantenerumab,2,-0.008585676810036882,-0.024458723079686478,0.007287369459612714,0.28908188522140377,0,0,NA,NA,5,452,9,461,-8.585676810036881,-24.45872307968648,7.287369459612714,0.011061946902654867,0.019522776572668113,Indeterminate (CI crosses 0),NA,NA,NA
6.3,Mortality above 24 months,RD,Gantenerumab,2,-0.0044262687968910685,-0.02437310404012289,0.015520566446340756,0.663618683060728,1.5761416470692796e-4,76.05197626927743,NA,NA,10,1004,14,955,-4.426268796891068,-24.37310404012289,15.520566446340755,0.0099601593625498,0.014659685863874346,Indeterminate (CI crosses 0),NA,NA,NA
8.1,Infusion reaction at 18 months,RD,Crenezumab,1,-0.018483506642121506,-0.05347685611252929,0.016509842828286277,0.3005502752866915,0,NA,NA,NA,24,404,31,398,-18.483506642121505,-53.47685611252929,16.509842828286278,0.0594059405940594,0.07788944723618091,Indeterminate (CI crosses 0),NA,NA,NA
8.1,Infusion reaction at 18 months,RD,Donanemab,1,0.08217597871021914,0.06276417439608505,0.10158778302435324,1.0667076120579007e-16,0,NA,NA,NA,74,853,4,874,82.17597871021914,62.764174396085046,101.58778302435324,0.08675263774912075,0.004576659038901602,NNH,12.16900626795508,9.843703349252872,15.932656003555678
8.1,Infusion reaction at 18 months,RD,Lecanemab,1,0.19034122650855484,0.15683077289165787,0.2238516801254518,8.695731027906466e-29,0,NA,NA,NA,237,898,66,897,190.34122650855483,156.83077289165786,223.85168012545182,0.2639198218262806,0.07357859531772576,NNH,5.253722582033773,4.467243665267896,6.376299635345302
8.2,Infusion reaction at 24 months,RD,Crenezumab,1,0.015102065762131772,-0.02779914846070776,0.058003279984971304,0.4902283835219708,0,NA,NA,NA,47,404,41,405,15.102065762131772,-27.79914846070776,58.00327998497131,0.11633663366336634,0.10123456790123457,Indeterminate (CI crosses 0),NA,NA,NA
9.1,Study discontinuation at 18 months,RD,Aducanumab,2,0.028286704222888412,0.005256428041516183,0.05131698040426064,0.016070699015716488,0,0,NA,NA,294,2199,116,1097,28.28670422288841,5.256428041516183,51.31698040426064,0.13369713506139155,0.105742935278031,NNH,35.352298101623376,19.486727241593,190.2432587494447
9.1,Study discontinuation at 18 months,RD,Bapineuzumab,4,0.028799013569461865,-0.01988535434055415,0.07748338147947788,0.15629878133720146,3.933109198598851e-6,0.43711434622999534,-0.0202927583386779,0.07789078547760163,830,2266,638,1759,28.799013569461867,-19.885354340554148,77.48338147947788,0.3662842012356575,0.36270608300170554,Indeterminate (CI crosses 0),NA,NA,NA
9.1,Study discontinuation at 18 months,RD,Crenezumab,1,0.025401341190814886,-0.015101553069833941,0.0659042354514637,0.21900093553417982,0,NA,NA,NA,44,407,33,399,25.401341190814886,-15.10155306983394,65.9042354514637,0.10810810810810811,0.08270676691729323,Indeterminate (CI crosses 0),NA,NA,NA
9.1,Study discontinuation at 18 months,RD,Donanemab,1,0.07111606668790485,0.031460880744956066,0.11077125263085363,4.3988133148643464e-4,0,NA,NA,NA,231,860,173,876,71.11606668790485,31.460880744956064,110.77125263085364,0.2686046511627907,0.19748858447488585,NNH,14.061520083619532,9.027612997503157,31.785505565044424
9.1,Study discontinuation at 18 months,RD,Lecanemab,1,0.03212018284159274,-0.002774466826937369,0.06701483251012284,0.07121130144566369,0,NA,NA,NA,169,898,140,897,32.12018284159274,-2.774466826937369,67.01483251012284,0.18819599109131402,0.15607580824972128,Indeterminate (CI crosses 0),NA,NA,NA
9.1,Study discontinuation at 18 months,RD,Solanezumab,2,-0.009648710015905735,-0.03444555509985428,0.01514813506804281,0.4456767224618243,0,0,NA,NA,289,1713,306,1735,-9.648710015905735,-34.44555509985428,15.148135068042809,0.1687098657326328,0.17636887608069166,Indeterminate (CI crosses 0),NA,NA,NA
9.2,Study discontinuation at 24 months,RD,Crenezumab,1,0.004762884601418604,-0.051501601198683744,0.06102737040152095,0.8682244006222717,0,NA,NA,NA,319,404,321,409,4.762884601418604,-51.501601198683744,61.027370401520955,0.7896039603960396,0.784841075794621,Indeterminate (CI crosses 0),NA,NA,NA
9.2,Study discontinuation at 24 months,RD,Gantenerumab,1,0.013504916136495071,-0.06133996031502574,0.08834979258801588,0.7235986076073506,0,NA,NA,NA,69,260,67,266,13.504916136495071,-61.33996031502574,88.34979258801589,0.2653846153846154,0.2518796992481203,Indeterminate (CI crosses 0),NA,NA,NA
9.3,Study discontinuation above 24 months,RD,Gantenerumab,2,0.06631046012108041,0.02823633275724792,0.1043845874849129,6.413366474568215e-4,6.571540746744857e-5,8.70254631149018,NA,NA,250,997,178,962,66.31046012108041,28.23633275724792,104.3845874849129,0.25075225677031093,0.18503118503118504,NNH,15.08057700359849,9.579958345330759,35.41536390710342
