analysis_id,outcome,measure,target_class,k,estimate,ci_low,ci_high,p_value,tau2,i2,pi_low,pi_high
1.1,ADAS-Cog scale at 18 months,SMD,Aggregated/fibrillar Aβ,8,-0.06310094812881752,-0.14637566270811303,0.020173766450478012,0.1162744550630845,1.8187649065546455e-7,0.0018387259707467057,-0.146381768496871,0.020179872239235994
1.1,ADAS-Cog scale at 18 months,SMD,Pyroglutamate plaque Aβ,1,-0.17461605996336704,-0.28438211418742343,-0.06485000573931066,0.0018213553957008525,0,NA,NA,NA
1.1,ADAS-Cog scale at 18 months,SMD,Soluble aggregate-preferring,2,-0.1661816271622981,-0.25998553585485074,-0.07237771846974546,5.161281293101139e-4,0,0,NA,NA
1.1,ADAS-Cog scale at 18 months,SMD,Soluble monomer Aβ,2,-0.11441981394089736,-0.20506189361494748,-0.023777734266847234,0.013356757964665995,0.0018960032811586483,43.543421152056055,NA,NA
1.4,MMSE scale at 18 months,SMD,Aggregated/fibrillar Aβ,4,0.07393563266050258,-0.25319907002679093,0.40107033534779607,0.5239442666959319,0.005489674871308789,31.546102923868663,-0.3293215381854508,0.47719280350645593
1.4,MMSE scale at 18 months,SMD,Pyroglutamate plaque Aβ,1,0.14556071158732342,0.03559766079525882,0.255523762379388,0.009474210427497128,0,NA,NA,NA
1.4,MMSE scale at 18 months,SMD,Soluble aggregate-preferring,1,0.16793884927381217,-0.5926977031526056,0.92857540170023,0.6652072637196613,0,NA,NA,NA
1.4,MMSE scale at 18 months,SMD,Soluble monomer Aβ,2,0.12308294556771492,0.0562864755803479,0.18987941555508192,3.0438382132308135e-4,0,0,NA,NA
2.1,CDR-SB scale at 18 months,SMD,Aggregated/fibrillar Aβ,4,-0.039070974537133735,-0.32099019291916286,0.24284824384489537,0.6890248551842456,0.01319537282823351,52.886370332796915,-0.5007209643315627,0.42257901525729524
2.1,CDR-SB scale at 18 months,SMD,Pyroglutamate plaque Aβ,1,-0.2931287586575765,-0.40390175211272944,-0.18235576520242353,2.1430711997463345e-7,0,NA,NA,NA
2.1,CDR-SB scale at 18 months,SMD,Soluble aggregate-preferring,2,-0.36537011143201753,-0.9049801306763658,0.17423990781233084,0.18447817794912044,0.10346081623120769,55.441447792139314,NA,NA
2.1,CDR-SB scale at 18 months,SMD,Soluble monomer Aβ,2,-0.07468737134774227,-0.14144130243054015,-0.007933440264944372,0.028314733201876777,0,0,NA,NA
3.2,ADCS-ADL score at 18 months,SMD,Soluble aggregate-preferring,1,0.3280886894908053,-0.43688492470524043,1.093062303686851,0.4005682529512126,0,NA,NA,NA
3.2,ADCS-ADL score at 18 months,SMD,Soluble monomer Aβ,2,0.08998845305109139,0.02322570134223649,0.1567512047599463,0.008246568120055775,0,0,NA,NA
3.5,ADCS-ADL-MCI score at 18 months,SMD,Aggregated/fibrillar Aβ,3,0.20065958791450902,-0.06248444140829526,0.46380361723731334,0.08167601032633637,0.00489827668238657,27.271818113711575,-0.1992475228142168,0.6005666986432349
3.5,ADCS-ADL-MCI score at 18 months,SMD,Soluble aggregate-preferring,1,0.246614,0.14758681968111378,0.34564118031888624,1.0553361619288916e-6,0,NA,NA,NA
3.6,ADCS-iADL score at 18 months,SMD,Pyroglutamate plaque Aβ,1,0.2086615152924401,0.09740270301361327,0.3199203275712669,2.3707256248493594e-4,0,NA,NA,NA
4.2,Any ARIA E at 18 months,RR,Aggregated/fibrillar Aβ,6,12.452787108387678,7.7543152453740465,19.99814320927136,3.7362427874262665e-5,3.3320450343985156e-6,0.0019162922324604877,7.7541350379338345,19.998607969580423
4.2,Any ARIA E at 18 months,RR,Pyroglutamate plaque Aβ,1,11.66927185098346,7.275124533987975,18.717467295025138,2.1599114177148993e-24,0,NA,NA,NA
4.2,Any ARIA E at 18 months,RR,Soluble aggregate-preferring,2,7.3367794554839705,4.346894053250995,12.383171091587572,8.50770652418146e-14,0,0,NA,NA
4.2,Any ARIA E at 18 months,RR,Soluble monomer Aβ,2,2.0074586296062984,0.6817031360884913,5.911503022714099,0.2060039301622172,0,0,NA,NA
4.7,Any ARIA H at 18 months,RR,Pyroglutamate plaque Aβ,1,2.3075452924428856,1.9002351235087334,2.8021612750969926,3.2033341868640865e-17,0,NA,NA,NA
4.7,Any ARIA H at 18 months,RR,Soluble aggregate-preferring,2,1.3304166786648866,0.6025491077781254,2.9375340798305056,0.4799156440207577,0.2780630797220716,84.12344724498638,NA,NA
5.1,SAE at 18 months,RR,Aggregated/fibrillar Aβ,4,1.1011011133662616,0.8507479075241734,1.4251268220979674,0.3202379828942724,0.009437368684890602,33.6328034990973,0.7361435868900288,1.6469934445513856
5.1,SAE at 18 months,RR,Pyroglutamate plaque Aβ,1,1.0988667448221965,0.8890498331464224,1.358200719303503,0.38314742410937164,0,NA,NA,NA
5.1,SAE at 18 months,RR,Soluble aggregate-preferring,2,1.0173018993946166,0.6412344640837401,1.613923163020671,0.9419258626895272,0.08100302634038072,71.45017964149524,NA,NA
5.1,SAE at 18 months,RR,Soluble monomer Aβ,2,0.9147890493148582,0.7948586996168268,1.0528148023664992,0.21418217298099385,0,0,NA,NA
6.1,Mortality at 18 months,RR,Aggregated/fibrillar Aβ,2,1.7900683798629722,0.8693862950973424,3.6857549085547356,0.11407944793426893,0,0,NA,NA
6.1,Mortality at 18 months,RR,Pyroglutamate plaque Aβ,1,1.6393903868698712,0.7481808292082689,3.5921808413687737,0.21679214208452605,0,NA,NA,NA
6.1,Mortality at 18 months,RR,Soluble aggregate-preferring,2,0.3723940798440147,0.03899653485864722,3.556145467938148,0.39089298599790845,1.7112840464231653,58.21947296936054,NA,NA
6.1,Mortality at 18 months,RR,Soluble monomer Aβ,2,0.9626030887318018,0.29923199952597435,3.0966096804615733,0.9490225076656585,0.5302859882213704,74.58285787430462,NA,NA
9.1,Study discontinuation at 18 months,RR,Aggregated/fibrillar Aβ,6,1.1042177027527347,0.9771954436591765,1.2477511463896975,0.09143982479267557,0.0054407722686451426,37.85973967030621,0.8812246174270367,1.3836389848397324
9.1,Study discontinuation at 18 months,RR,Pyroglutamate plaque Aβ,1,1.3601021642693911,1.1438559026274129,1.6172298390043287,4.989643157539928e-4,0,NA,NA,NA
9.1,Study discontinuation at 18 months,RR,Soluble aggregate-preferring,2,1.2238245679413873,1.0178639158013238,1.4714605261527585,0.03169078025064656,0,0,NA,NA
9.1,Study discontinuation at 18 months,RR,Soluble monomer Aβ,2,0.9588564559191746,0.8246170992596529,1.1149486275306795,0.5850805759400592,8.081668944585829e-4,6.822529617841252,NA,NA
