analysis_id,outcome,measure,scenario,k,estimate,ci_low,ci_high,p_value,tau2,i2,pi_low,pi_high
1.1,ADAS-Cog scale at 18 months,SMD,Cochrane class pool,13,-0.11064448475099424,-0.1595158023712508,-0.061773167130737675,3.4624305163501575e-4,6.30164670436148e-4,10.063043484523792,-0.18399255481451754,-0.037296414687470955
1.1,ADAS-Cog scale at 18 months,SMD,Exclude futility-terminated trials,9,-0.10886031478051525,-0.17241611497451342,-0.045304514586517075,0.004237240755579472,0.0010491357008275783,18.238496513234377,-0.20693315260312278,-0.01078747695790773
1.1,ADAS-Cog scale at 18 months,SMD,Exclude all early-terminated trials,6,-0.12318915699394703,-0.1844824690970721,-0.06189584489082196,0.00356549656871519,3.3152317639454184e-4,9.049494951911822,-0.20030944688864374,-0.046068867099250316
1.2,ADAS-Cog scale at 24 months,SMD,Cochrane class pool,2,-0.2134511150771982,-0.8099558948678978,0.38305366471350144,0.4830868444649154,0.13068342239449993,67.81723560627916,NA,NA
1.3,ADAS-Cog scale above 24 months,SMD,Cochrane class pool,2,-0.1176549874200436,-0.2063118610737351,-0.028998113766352113,0.009294325651543705,0,0,NA,NA
1.3,ADAS-Cog scale above 24 months,SMD,Exclude futility-terminated trials,2,-0.1176549874200436,-0.2063118610737351,-0.028998113766352113,0.009294325651543705,0,0,NA,NA
1.3,ADAS-Cog scale above 24 months,SMD,Exclude all early-terminated trials,2,-0.1176549874200436,-0.2063118610737351,-0.028998113766352113,0.009294325651543705,0,0,NA,NA
1.4,MMSE scale at 18 months,SMD,Cochrane class pool,8,0.11479570285245184,0.04137632887883541,0.18821507682606828,0.007682938339376513,1.971686445176898e-6,0.03456161596481942,0.041301287713511436,0.18829011799139225
1.4,MMSE scale at 18 months,SMD,Exclude futility-terminated trials,4,0.13061441661698917,-0.002478040123503056,0.2637068733574814,0.052341489197979464,2.3102038448617157e-6,0.05864594779000345,-0.0025659111484732655,0.2637947443824516
1.4,MMSE scale at 18 months,SMD,Exclude all early-terminated trials,3,0.12914146686468933,0.03943242780559797,0.2188505059237807,0.025088857917586724,0,0,0.03943242780559797,0.2188505059237807
1.5,MMSE scale at 24 months,SMD,Cochrane class pool,2,-0.04142837216421253,-0.3070308965575572,0.22417415222913217,0.7598232522121195,0,0,NA,NA
1.6,ADAS-Cog 24 months mean difference,MD,Cochrane class pool,2,-1.4055037783375324,-5.245306413837063,2.4342988571619975,0.4731172993008963,5.423950000000001,68.82792226332252,NA,NA
2.1,CDR-SB scale at 18 months,SMD,Cochrane class pool,9,-0.12360704450684486,-0.2431373516407463,-0.004076737372943423,0.04422331763822821,0.009920176024795266,67.03272538449767,-0.3825270488957119,0.1353129598820222
2.1,CDR-SB scale at 18 months,SMD,Exclude futility-terminated trials,5,-0.14745944101499425,-0.3136761693483492,0.018757287318360655,0.06945753489153396,0.008853824809476187,72.47974591794748,-0.45710280776425605,0.16218392573426754
2.1,CDR-SB scale at 18 months,SMD,Exclude all early-terminated trials,4,-0.15454974235195046,-0.32610888228529045,0.0170093975813895,0.06421197569418487,0.008705749070638142,77.48342066272086,-0.49748421992199476,0.18838473521809385
2.2,CDR-SB scale at 24 months,SMD,Cochrane class pool,2,0.031545498817869166,-0.23476977988617054,0.29786077752190887,0.8164129089891101,0,0,NA,NA
2.3,CDR-SB scale above 24 months,SMD,Cochrane class pool,2,-0.07010296517035751,-0.1587119765097488,0.018506046169033785,0.12099174319043678,0,0,NA,NA
2.3,CDR-SB scale above 24 months,SMD,Exclude futility-terminated trials,2,-0.07010296517035751,-0.1587119765097488,0.018506046169033785,0.12099174319043678,0,0,NA,NA
2.3,CDR-SB scale above 24 months,SMD,Exclude all early-terminated trials,2,-0.07010296517035751,-0.1587119765097488,0.018506046169033785,0.12099174319043678,0,0,NA,NA
2.4,CDR-SB 24 months mean difference,MD,Cochrane class pool,2,0.03187919463087242,-0.6425001302343454,0.7062585194960902,0.9261806438041792,0,0,NA,NA
3.1,DAD total score at 18 months,SMD,Cochrane class pool,4,0.04141224471514686,-0.15981967207131642,0.2426441615016101,0.5592504435881637,0.00824633215066201,47.33975760102408,-0.31074232858375805,0.3935668180140518
3.1,DAD total score at 18 months,SMD,Exclude futility-terminated trials,4,0.04141224471514686,-0.15981967207131642,0.2426441615016101,0.5592504435881637,0.00824633215066201,47.33975760102408,-0.31074232858375805,0.3935668180140518
3.1,DAD total score at 18 months,SMD,Exclude all early-terminated trials,2,0.0686184531359397,-0.20569618981629453,0.3429330960881739,0.6239390952672073,0.03173414076800043,80.98530989848801,NA,NA
3.2,ADCS-ADL score at 18 months,SMD,Cochrane class pool,3,0.0917883181257133,0.026397093158122553,0.15717954309330404,0.02633697419299466,0,0,0.026397093158122553,0.15717954309330404
3.2,ADCS-ADL score at 18 months,SMD,Exclude futility-terminated trials,2,0.08998845305109139,0.02322570134223649,0.1567512047599463,0.008246568120055775,0,0,NA,NA
3.2,ADCS-ADL score at 18 months,SMD,Exclude all early-terminated trials,2,0.08998845305109139,0.02322570134223649,0.1567512047599463,0.008246568120055775,0,0,NA,NA
3.3,ADCS-ADL score at 24 months,SMD,Cochrane class pool,2,0.08682091859005583,-0.5172299831097308,0.6908718202898424,0.7781675439764495,0.13469954542799994,67.8368253887619,NA,NA
3.4,ADCS-ADL score above 24 months,SMD,Cochrane class pool,2,0.06945122787161243,-0.0188582793976029,0.15776073514082775,0.12321497239665605,0,0,NA,NA
3.4,ADCS-ADL score above 24 months,SMD,Exclude futility-terminated trials,2,0.06945122787161243,-0.0188582793976029,0.15776073514082775,0.12321497239665605,0,0,NA,NA
3.4,ADCS-ADL score above 24 months,SMD,Exclude all early-terminated trials,2,0.06945122787161243,-0.0188582793976029,0.15776073514082775,0.12321497239665605,0,0,NA,NA
3.5,ADCS-ADL-MCI score at 18 months,SMD,Cochrane class pool,4,0.2253197481892245,0.11570585032937554,0.3349336460490735,0.007261190132686397,0,0,0.11570585032937554,0.3349336460490735
3.5,ADCS-ADL-MCI score at 18 months,SMD,Exclude futility-terminated trials,2,0.24821287680417792,0.14940316085830976,0.3470225927500461,8.501575972788044e-7,0,0,NA,NA
3.5,ADCS-ADL-MCI score at 18 months,SMD,Exclude all early-terminated trials,1,0.246614,0.14758681968111378,0.34564118031888624,1.0553361619288916e-6,0,NA,NA,NA
3.6,ADCS-iADL score at 18 months,SMD,Cochrane class pool,1,0.2086615152924401,0.09740270301361327,0.3199203275712669,2.3707256248493594e-4,0,NA,NA,NA
3.6,ADCS-iADL score at 18 months,SMD,Exclude futility-terminated trials,1,0.2086615152924401,0.09740270301361327,0.3199203275712669,2.3707256248493594e-4,0,NA,NA,NA
3.6,ADCS-iADL score at 18 months,SMD,Exclude all early-terminated trials,1,0.2086615152924401,0.09740270301361327,0.3199203275712669,2.3707256248493594e-4,0,NA,NA,NA
3.7,ADCS-ADL 24 months mean difference,MD,Cochrane class pool,2,0.6478059440559435,-4.919750116189824,6.215362004301711,0.8196080459316482,11.602949999999998,70.92614553278888,NA,NA
3.8,ADCS-ADL-MCI 18 months mean difference,MD,Cochrane class pool,4,1.8958916024482904,1.4016339013200931,2.3901493035764876,0.0011836244895837183,0,0,1.4016339013200931,2.3901493035764876
3.8,ADCS-ADL-MCI 18 months mean difference,MD,Exclude futility-terminated trials,2,2.0272071943108627,1.2278374985127742,2.826576890108951,6.678648711519499e-7,0,0,NA,NA
3.8,ADCS-ADL-MCI 18 months mean difference,MD,Exclude all early-terminated trials,1,2,1.1964147663385778,2.803585233661422,1.0714043136683432e-6,0,NA,NA,NA
4.1,Any ARIA at 18 months,RR,Cochrane class pool,2,2.396697026053298,2.0748709257713385,2.768440466993058,1.4814041645820363e-32,0,0,NA,NA
4.1,Any ARIA at 18 months,RR,Exclude futility-terminated trials,2,2.396697026053298,2.0748709257713385,2.768440466993058,1.4814041645820363e-32,0,0,NA,NA
4.1,Any ARIA at 18 months,RR,Exclude all early-terminated trials,2,2.396697026053298,2.0748709257713385,2.768440466993058,1.4814041645820363e-32,0,0,NA,NA
4.2,Any ARIA E at 18 months,RR,Cochrane class pool,11,10.02156709964346,6.52884237787573,15.382789370591826,2.9581966636182025e-7,0.054230157015968276,25.234597256918875,5.113053567214812,19.642236446852554
4.2,Any ARIA E at 18 months,RR,Exclude futility-terminated trials,8,8.761592331366693,3.9698144268898607,19.337301930560347,3.3960161975884573e-4,0.2373412841697315,53.695584088433236,2.1653719852238282,35.45141467835541
4.2,Any ARIA E at 18 months,RR,Exclude all early-terminated trials,6,9.477140883473439,2.1036138744182202,42.69614325016917,0.012116570001723089,1.1416384713186865,83.6951263786254,0.41348507275394647,217.21751338445753
4.3,Any ARIA E at 24 months,RR,Cochrane class pool,4,7.49410213532707,1.5924204203166323,35.26805239256274,0.025613099859261086,0.11447665063724284,11.83959632683998,1.1362663336187224,49.42641100335456
4.3,Any ARIA E at 24 months,RR,Exclude futility-terminated trials,1,7.599118942731277,0.435288259576443,132.66291344950963,0.16455252327745953,0,NA,NA,NA
4.4,Any ARIA E above 24 months,RR,Cochrane class pool,2,9.349943398952874,4.51505569501341,19.362206685550703,1.7594883233552905e-9,0.18601437356944012,66.3692954998454,NA,NA
4.4,Any ARIA E above 24 months,RR,Exclude futility-terminated trials,2,9.349943398952874,4.51505569501341,19.362206685550703,1.7594883233552905e-9,0.18601437356944012,66.3692954998454,NA,NA
4.4,Any ARIA E above 24 months,RR,Exclude all early-terminated trials,2,9.349943398952874,4.51505569501341,19.362206685550703,1.7594883233552905e-9,0.18601437356944012,66.3692954998454,NA,NA
4.5,Symptomatic ARIA E at 18 months,RR,Cochrane class pool,2,52.49035277096728,10.448210290930277,263.7042189332957,1.5168276846694145e-6,0,0,NA,NA
4.5,Symptomatic ARIA E at 18 months,RR,Exclude futility-terminated trials,2,52.49035277096728,10.448210290930277,263.7042189332957,1.5168276846694145e-6,0,0,NA,NA
4.5,Symptomatic ARIA E at 18 months,RR,Exclude all early-terminated trials,2,52.49035277096728,10.448210290930277,263.7042189332957,1.5168276846694145e-6,0,0,NA,NA
4.6,Symptomatic ARIA E above 24 months,RR,Cochrane class pool,2,15.546661816944196,4.331361582881384,55.80201260630923,2.5749219266435758e-5,0,0,NA,NA
4.6,Symptomatic ARIA E above 24 months,RR,Exclude futility-terminated trials,2,15.546661816944196,4.331361582881384,55.80201260630923,2.5749219266435758e-5,0,0,NA,NA
4.6,Symptomatic ARIA E above 24 months,RR,Exclude all early-terminated trials,2,15.546661816944196,4.331361582881384,55.80201260630923,2.5749219266435758e-5,0,0,NA,NA
4.7,Any ARIA H at 18 months,RR,Cochrane class pool,3,1.647567809136657,0.47206706494317713,5.750199256180067,0.22780056624626227,0.19569237236659237,90.00231897534974,0.1690107247692144,16.060990741327274
4.7,Any ARIA H at 18 months,RR,Exclude futility-terminated trials,2,2.1381611827436675,1.783838716365453,2.562862438991482,2.0183075695539462e-16,0.004539150272811235,25.597636053393902,NA,NA
4.7,Any ARIA H at 18 months,RR,Exclude all early-terminated trials,2,2.1381611827436675,1.783838716365453,2.562862438991482,2.0183075695539462e-16,0.004539150272811235,25.597636053393902,NA,NA
4.8,Any ARIA H at 24 months,RR,Cochrane class pool,4,1.2748171281299332,1.0766184904677847,1.5095028782826572,0.01962356765593941,0,0,1.0766184904677847,1.5095028782826572
4.8,Any ARIA H at 24 months,RR,Exclude futility-terminated trials,1,2.5330396475770924,0.1219456991199386,52.61595859880877,0.5481833162508196,0,NA,NA,NA
4.9,Any ARIA H above 24 months,RR,Cochrane class pool,2,1.86453837103413,1.518623298927227,2.289246674612755,2.674353802685853e-9,0,0,NA,NA
4.9,Any ARIA H above 24 months,RR,Exclude futility-terminated trials,2,1.86453837103413,1.518623298927227,2.289246674612755,2.674353802685853e-9,0,0,NA,NA
4.9,Any ARIA H above 24 months,RR,Exclude all early-terminated trials,2,1.86453837103413,1.518623298927227,2.289246674612755,2.674353802685853e-9,0,0,NA,NA
4.10,Symptomatic ARIA H at 18 months,RR,Cochrane class pool,1,2.9966592427616936,0.6064524420319731,14.807371518104377,0.17817119958296707,0,NA,NA,NA
4.10,Symptomatic ARIA H at 18 months,RR,Exclude futility-terminated trials,1,2.9966592427616936,0.6064524420319731,14.807371518104377,0.17817119958296707,0,NA,NA,NA
4.10,Symptomatic ARIA H at 18 months,RR,Exclude all early-terminated trials,1,2.9966592427616936,0.6064524420319731,14.807371518104377,0.17817119958296707,0,NA,NA,NA
5.1,SAE at 18 months,RR,Cochrane class pool,9,1.0411259198754732,0.9197385260982464,1.1785340618870235,0.4749065574334277,0.010222160034294213,39.37245648976637,0.7995115293388738,1.3557567855624004
5.1,SAE at 18 months,RR,Exclude futility-terminated trials,6,1.0834360969796017,0.9197977450241073,1.2761868384528685,0.2639087413676368,0.013102820201669902,50.76790651647276,0.7736772850744144,1.517213699928505
5.1,SAE at 18 months,RR,Exclude all early-terminated trials,6,1.0834360969796017,0.9197977450241073,1.2761868384528685,0.2639087413676368,0.013102820201669902,50.76790651647276,0.7736772850744144,1.517213699928505
5.2,SAE at 24 months,RR,Cochrane class pool,4,1.0310011018008096,0.7922103769561634,1.341768932639596,0.7367734785731431,0,0,0.7922103769561634,1.341768932639596
5.2,SAE at 24 months,RR,Exclude futility-terminated trials,1,1.29769820971867,0.8159302297730878,2.0639272600248817,0.27102168878988325,0,NA,NA,NA
5.3,SAE above 24 months,RR,Cochrane class pool,2,0.8237606397871372,0.6672245404164605,1.017021333236581,0.0713880407286846,0,0,NA,NA
5.3,SAE above 24 months,RR,Exclude futility-terminated trials,2,0.8237606397871372,0.6672245404164605,1.017021333236581,0.0713880407286846,0,0,NA,NA
5.3,SAE above 24 months,RR,Exclude all early-terminated trials,2,0.8237606397871372,0.6672245404164605,1.017021333236581,0.0713880407286846,0,0,NA,NA
6.1,Mortality at 18 months,RR,Cochrane class pool,7,1.1726999325261924,0.6151622791578121,2.2355485346560715,0.5678400901058178,0.11750954385513673,31.573527502497875,0.4070127416200114,3.3788257494672034
6.1,Mortality at 18 months,RR,Exclude futility-terminated trials,6,1.2537034943677074,0.7155400652075709,2.196623960300316,0.3475296231744265,0.09677793870650148,30.824015654990806,0.47206629694182095,3.3295587123507584
6.1,Mortality at 18 months,RR,Exclude all early-terminated trials,6,1.2537034943677074,0.7155400652075709,2.196623960300316,0.3475296231744265,0.09677793870650148,30.824015654990806,0.47206629694182095,3.3295587123507584
6.2,Mortality at 24 months,RR,Cochrane class pool,4,1.0546139842264814,0.2914924045683833,3.815573367590551,0.9036308770545904,0.058361142743980014,7.878428238569578,0.23573568050948618,4.718041211760039
6.2,Mortality at 24 months,RR,Exclude futility-terminated trials,1,3.5462555066079293,0.18369789583957818,68.45983760820818,0.4019689066760839,0,NA,NA,NA
6.3,Mortality above 24 months,RR,Cochrane class pool,2,0.6972000337432346,0.12513570667984988,3.8844858909470674,0.6806620419187537,1.12734264450507,73.3779120362122,NA,NA
6.3,Mortality above 24 months,RR,Exclude futility-terminated trials,2,0.6972000337432346,0.12513570667984988,3.8844858909470674,0.6806620419187537,1.12734264450507,73.3779120362122,NA,NA
6.3,Mortality above 24 months,RR,Exclude all early-terminated trials,2,0.6972000337432346,0.12513570667984988,3.8844858909470674,0.6806620419187537,1.12734264450507,73.3779120362122,NA,NA
7.1,NPI-Q score at 12 months,SMD,Cochrane class pool,1,0.08604846600191733,-0.1834920094196857,0.3555889414235204,0.5315107139042438,0,NA,NA,NA
7.2,NPI-Q score at 18 months,SMD,Cochrane class pool,2,0.11919939977015583,-0.17479245584770714,0.41319125538801876,0.4268054428964087,0,0,NA,NA
7.2,NPI-Q score at 18 months,SMD,Exclude futility-terminated trials,1,0.5168562568898105,-0.9579855762756353,1.9916980900552563,0.4921667733628572,0,NA,NA,NA
8.1,Infusion reaction at 18 months,RR,Cochrane class pool,3,3.580414000675479,0.06906491805724485,185.61325745159925,0.29902753661688963,2.3632727803498077,97.19728094012108,0.0016161568283810147,7932.005230627767
8.1,Infusion reaction at 18 months,RR,Exclude futility-terminated trials,2,7.662918735750597,1.5087116733693504,38.92083861164777,0.014051223195922948,1.2466103679702276,89.95729838569783,NA,NA
8.1,Infusion reaction at 18 months,RR,Exclude all early-terminated trials,2,7.662918735750597,1.5087116733693504,38.92083861164777,0.014051223195922948,1.2466103679702276,89.95729838569783,NA,NA
8.2,Infusion reaction at 24 months,RR,Cochrane class pool,1,1.1491789422844725,0.7737788248778547,1.7067050673020485,0.49079563226526185,0,NA,NA,NA
9.1,Study discontinuation at 18 months,RR,Cochrane class pool,11,1.1206943650781804,1.0205690857766552,1.230642665373507,0.021825522338634565,0.009762441228302526,49.554731620791884,0.8822588533155346,1.4235684404844402
9.1,Study discontinuation at 18 months,RR,Exclude futility-terminated trials,8,1.0948650431718263,0.975234787266681,1.2291701223244496,0.10643118762641507,0.010846132872126218,57.71107193589428,0.8340510111724176,1.437237587032719
9.1,Study discontinuation at 18 months,RR,Exclude all early-terminated trials,6,1.1237359517579781,0.9563543981977306,1.320412696018493,0.12207782018852507,0.013910329126271971,58.930562054410665,0.7971184671132633,1.5841842102172485
9.2,Study discontinuation at 24 months,RR,Cochrane class pool,2,1.0087417778211831,0.9411188324553127,1.081223687413734,0.8058020547192903,0,0,NA,NA
9.3,Study discontinuation above 24 months,RR,Cochrane class pool,2,1.3550026889949676,1.109422105329669,1.654944748588734,0.0029037060940422773,0.005604882658618314,26.853249664784688,NA,NA
9.3,Study discontinuation above 24 months,RR,Exclude futility-terminated trials,2,1.3550026889949676,1.109422105329669,1.654944748588734,0.0029037060940422773,0.005604882658618314,26.853249664784688,NA,NA
9.3,Study discontinuation above 24 months,RR,Exclude all early-terminated trials,2,1.3550026889949676,1.109422105329669,1.654944748588734,0.0029037060940422773,0.005604882658618314,26.853249664784688,NA,NA
