Analysis group,Analysis number,Subgroup,Subgroup number,Experimental cases,Experimental N,Control cases,Control N,Weight,Mean,CI start,CI end,Heterogeneity Tau²,Tau² CI start,Tau² CI end,Heterogeneity Chi²,Heterogeneity df,Heterogeneity P,Heterogeneity I²,Effect Z,Effect T,Effect P,ID
1,1,Aducanumab,1,,599,,624,13.507667471218458,-0.14145471534214177,-0.4684727905027417,0.18556335981845817,0.004358205375369822,,,2.789076386866231,2,0.24794778594945077,25.029903766966584,,1.8611525299228944,0.055219973816026655,subgroup:462256597512169264
1,1,Bapineuzumab,2,,954,,888,20.155402853245274,-0.01951597074706603,-0.13612346405229164,0.0970915225581596,0,,,1.789867608858836,3,0.6171424733178213,0,,0.5326289695259251,0.6807720852834027,subgroup:462257529226275970
1,1,Crenezumab,3,,12,,15,0.31796776565665047,-0.3377306247437116,-1.1030536622352447,0.42759241274782145,0,,,0,0,1,0,,0,0.38708510438753063,subgroup:462258359254943566
1,1,Donanemab,4,,607,,677,12.925673195416355,-0.17461605996336704,-0.28438211418742354,-0.06485000573931052,0,,,0,0,1,0,,0,0.001821355395721549,subgroup:462258387882380467
1,1,Gantenerumab,5,,167,,175,3.9472668861200275,-0.02475644808313742,-0.23678810339241202,0.18727520722613716,0,,,1.0285260062983354e-33,0,0,0,,0,0.8189917270032893,subgroup:462440778250865353
1,1,Lecanemab,6,,854,,872,16.472467790500122,-0.16356516579866837,-0.258081715008226,-0.06904861658911071,0,,,3.3126911281357272e-31,0,0,0,,0,0.0006943348832166632,subgroup:462258662664088747
1,1,Solanezumab,7,,1716,,1735,32.67355403784314,-0.1144198139408973,-0.7020412351377993,0.4732016072560047,0.0018960032811586461,,,1.7712727558170438,1,0.1832247691331229,43.54342115205601,,2.4741126334299635,0.01335675796418126,subgroup:462258607380538868
1,2,Gantenerumab,1,,16,,30,40.1701202595337,-0.584878,-1.2043638165935748,0.034607816593574925,0,,,0,0,1,0,1.8504698326320121,,0.06424586215721062,subgroup:462940182472991475
1,2,Crenezumab,2,,80,,86,59.82987974046632,0.035927,-0.2685416452143902,0.3403956452143902,0,,,0,0,1,0,0.2312738181069111,,0.8171020856594099,subgroup:462940205723329281
1,4,Aducanumab,1,,599,,624,19.259475644091882,0.09311337833250502,-0.7131971113805522,0.8994238680455622,0.016249012869483735,,,8.508447098343009,2,0.014204142706883971,55.24910636568021,,0.4968737689822135,0.3822879108818209,subgroup:462260104860878941
1,4,Crenezumab,2,,12,,15,0.4218716877121242,0.16793884927381217,-0.5926977031526056,0.92857540170023,0,,,0,0,1,0,,0,0.6652072649428498,subgroup:462260234342192558
1,4,Donanemab,3,,600,,679,20.1855746897889,0.14556071158732342,0.03559766079525875,0.2555237623793881,0,,,0,0,1,0,,0,0.009474210427111376,subgroup:462260258321291168
1,4,Solanezumab,4,,1716,,1735,54.705075071759815,0.1230829455677149,-0.2894374377971293,0.5356033289325591,0,,,0.9075034526664827,1,0.34077782253547295,0,,3.7911268607172293,0.0003043838213341332,subgroup:462260331907997571
1,4,Gantenerumab,5,,167,,175,5.428002906647275,0.0480863852762042,-0.1639680377132999,0.2601408082657083,0,,,0,0,1,0,,0,0.6567172891476809,subgroup:462440855199304407
1,5,Gantenerumab,1,,16,,29,18.85445896457569,0.184919,-0.4267622400071364,0.7966002400071364,0,,,0,0,1,0,,0,0.5535011090291542,subgroup:462940271540609810
1,5,Crenezumab,2,,87,,90,81.1455410354243,-0.094021,-0.3888701419782675,0.20082814197826757,0,,,0,0,1,0,,0,0.531977605875216,subgroup:462940279454737177
2,1,Aducanumab,1,,602,,627,25.005128648799474,-0.0668405948783844,-0.6216897388800254,0.48800854912325653,0.02054130858746536,,,5.581466865798976,2,0.061376229420405215,61.52869152768006,,0.5183244337758338,0.5584745839218255,subgroup:462260742694210486
2,1,Crenezumab,2,,12,,15,1.1594191300883518,-0.8031462679187891,-1.5968378115421122,-0.0094547242954659,0,,,0,0,1,0,,0,0.04733261842316042,subgroup:462261167376668021
2,1,Donanemab,3,,598,,672,15.375065314939155,-0.2931287586575765,-0.40390175211272944,-0.18235576520242353,0,,,0,0,1,0,,0,2.143071199661204e-7,subgroup:462261262408062401
2,1,Solanezumab,4,,1716,,1735,32.660453605522456,-0.07468737134774227,-0.3435651460769983,0.19419040338151372,0,,,0.3860295962482124,1,0.5343941803014074,0,,3.529458812796485,0.028314733202121196,subgroup:462261316084405964
2,1,Lecanemab,5,,859,,875,16.476403070688097,-0.19222440616983708,-0.2865815667072063,-0.09786724563246783,0,,,3.3238922154136087e-31,0,0,0,,0,0.0000652870080351333,subgroup:462417772548690032
2,1,Gantenerumab,6,,167,,175,9.323530229962465,0.05066915011037524,-0.1613886898232896,0.2627269900440401,0,,,4.113088079565617e-33,0,0,0,,0,0.6395598773277675,subgroup:462440925564521188
2,2,Gantenerumab,1,,17,,29,19.747878238438208,-0.125093,-0.7243813877328897,0.4741953877328897,0,,,0,0,1,0,,0,0.6824553849747874,subgroup:462940345036350306
2,2,Crenezumab,2,,86,,88,80.2521217615618,0.07009,-0.22719145728308182,0.3673714572830818,0,,,0,0,1,0,,0,0.6440093360520818,subgroup:462940350596424551
3,2,Crenezumab,1,,12,,15,0.7559274621206095,0.3280886894908053,-0.4368849247052403,1.093062303686851,0,,,0,0,1,0,,0,0.40056826124401224,subgroup:462695267866591329
3,2,Solanezumab,2,,1716,,1735,99.24407253787939,0.08998845305109135,0.012781362421486406,0.16719554368069633,0,,,0.03182074932244653,1,0.8584216818694016,0,,14.809672260323715,0.008246568119727678,subgroup:462695292617441378
3,3,Gantenerumab,1,,15,,28,39.59686480393027,0.46746999999999994,-0.16816983975415412,1.103109839754154,0,,,2.929776096381757e-32,0,0,0,,0,0.14946589189702075,subgroup:462940403687138327
3,3,Crenezumab,2,,88,,90,60.4031351960697,-0.162711,-0.4570368315943954,0.1316148315943954,0,,,0,0,1,0,,0,0.278578034481496,subgroup:462940409884222495
3,5,Aducanumab,1,,599,,624,43.628595342666415,0.20065946295017337,-0.06248395345495347,0.4638028793553002,0.004898014694456488,,,2.0660603563716635,2,0.3559269528568578,27.270757246252163,,3.280978863010948,0.007929025185410615,subgroup:462823259274762502
3,5,Lecanemab,2,,783,,796,56.37140465733358,0.246614,0.14758681968111376,0.34564118031888624,0,,,0,0,1,0,,0,0.0000010553361618866172,subgroup:462823329161566488
4,1,Donanemab,1,314,853,130,874,63.22509125769958,2.4748489494093246,2.0643954576213117,2.9669108696110937,0,,,0,0,1,0,9.794088167830909,,1.1936955408837e-22,subgroup:462280963146255140
4,1,Lecanemab,2,193,898,85,897,36.77490874230041,2.2680597406000262,1.788092097826977,2.8768624352079777,0,,,0,0,1,0,6.750328299351678,,1.4751099299680846e-11,subgroup:462280979532353079
4,2,Aducanumab,1,387,1095,29,1076,35.28163386840225,13.045440137670317,9.030597619409846,18.84520998031815,0,,,0.27206627275860507,1,0.60194910823941,0,13.686166452301306,,1.2282023965269135e-42,subgroup:462281060695543441
4,2,Bapineuzumab,2,256,1923,13,1755,20.565290309803583,16.566457194063254,5.729408720227642,47.90154051914551,0.6238100092392048,,,6.435095660788157,3,0.0922577515283679,55.13392217257397,5.182267150322208,,2.1920493778481975e-7,subgroup:462281098175319713
4,2,Crenezumab,3,1,398,0,388,0.8118334703289259,2.9248120300751883,0.11951309131104863,71.57814526785407,0,,,0,0,1,0,0.6578431199784812,,0.5106389475007329,subgroup:462281184938954478
4,2,Donanemab,4,205,853,18,874,19.627261194728444,11.66927185098346,7.275124533987975,18.717467295025138,0,,,0,0,1,0,10.1916834386924,,2.1599114176625898e-24,subgroup:462281051321011850
4,2,Lecanemab,5,113,898,15,897,17.291954293883474,7.524944320712696,4.426580621513425,12.791992707560027,0,,,0,0,1,0,7.455098121959819,,8.980097306217657e-14,subgroup:462281051323371148
4,2,Solanezumab,6,10,1711,5,1727,6.422026862853338,2.007458629606298,0.6817031360884914,5.911503022714095,0,,,0.2789034072204176,1,0.5974209255600171,0,1.2646301770699584,,0.20600395517661374,subgroup:462281198113263688
4,3,Aducanumab,1,7,680,0,344,9.857683250594222,7.599118942731277,0.435288259576443,132.66291344950963,0,,,0,0,1,0,1.3899221348946573,,0.1645525232820578,subgroup:462941002460473093
4,3,Crenezumab,2,1,399,1,397,10.483839446652851,0.9949874686716792,0.062452538018152245,15.852038911948236,0,,,0,0,1,0,0.0035577802978400646,,0.9971613080179235,subgroup:462959541757367048
4,3,Gantenerumab,3,53,452,5,461,79.65847730275293,9.777363730769803,3.4276020818624247,27.89029742677401,0.13101546880817105,,,1.2913014209732494,1,0.2558083681472658,22.558747031633896,4.263324368355262,,0.000020140781711347685,subgroup:462941001108334340
4,5,Donanemab,1,52,853,1,874,66.70117124826962,53.2801875732708,7.382367491768026,384.5349599580896,0,,,0,0,1,0,,0,0.00008068265430694051,subgroup:462281332756189358
4,5,Lecanemab,2,25,898,0,897,33.298828751730376,50.943270300333715,3.1061696077410943,835.5038895574628,0,,,0,0,1,0,,0,0.005885700910943156,subgroup:462281332758286512
4,7,Donanemab,1,268,853,119,874,100,2.3075452924428856,1.900235123508733,2.8021612750969918,0,,,1.2554177903543463e-30,0,0,0,8.43890167345378,,3.20333418693643e-17,subgroup:462281415190515975
4,7,Lecanemab,2,155,898,81,897,100,1.911449311226594,1.4852377835816704,2.4599687065446343,0,,,0,0,1,0,5.033102570555585,,4.826047370061495e-7,subgroup:462281415192613129
4,7,Crenezumab,3,20,398,23,388,99.99999999999999,0.8477168450950404,0.4733550733408244,1.5181496722661432,0,,,0,0,1,0,0.5556932081867161,,0.578420602893347,subgroup:462281415194448139
4,8,Gantenerumab,1,54,452,43,461,58.620365618744955,1.2775486791975486,0.878450087661142,1.8579662642699717,0,,,0.19188321727876193,1,0.6613538404359547,0,1.281787255202359,,0.19991728620265137,subgroup:462941043681568617
4,8,Aducanumab,2,2,680,0,344,0.8935665895641287,2.5330396475770924,0.1219456991199386,52.61595859880877,0,,,0,0,1,0,0.600484607391166,,0.5481833194222208,subgroup:462941049515059050
4,8,Crenezumab,3,39,399,31,397,40.48606779169093,1.2517584283288867,0.7976133438745941,1.9644846402403753,0,,,0,0,1,0,0.9765419598231435,,0.3287959776727776,subgroup:462959578880889635
5,1,Aducanumab,1,147,1095,151,1076,17.76812180267491,0.9570964791588309,0.7749485528033471,1.1820573986550633,0,,,0.2772448699229223,1,0.5985127977300325,0,0.40712201735070197,,0.6839183742305948,subgroup:462281532911522281
5,1,Bapineuzumab,2,252,1002,197,972,23.409021758896642,1.2283386771397087,1.0363591470921332,1.4558813033018896,0,,,0.8437112874248999,1,0.3583375693414702,0,2.371838915890061,,0.017699805466297645,subgroup:462281532915454445
5,1,Crenezumab,3,33,404,42,398,5.005122829790988,0.7740452616690241,0.5013086222133811,1.1951640976508928,0,,,0,0,1,0,1.155584486162405,,0.2478511764565443,subgroup:462281532924367353
5,1,Donanemab,4,148,853,138,874,13.558102563507674,1.0988667448221963,0.8890498331464223,1.3582007193035028,0,,,0,0,1,0,0.8721117363849611,,0.38314743330034184,subgroup:462281532920697333
5,1,Lecanemab,5,126,898,101,897,11.49928855963713,1.246135526692981,0.9754820579165359,1.5918834572960012,0,,,0,0,1,0,1.7612746764841385,,0.07819192401482114,subgroup:462281532922532343
5,1,Solanezumab,6,302,1708,334,1727,28.76034248549268,0.914789049314858,0.7948586996168266,1.0528148023664992,0,,,0.48862425201093884,1,0.4845416821636118,0,1.2421474262540555,,0.2141821968596277,subgroup:462281532918338034
5,2,Aducanumab,1,59,680,23,344,17.69396378954126,1.29769820971867,0.8159302297730878,2.0639272600248817,0,,,0,0,1,0,1.100712765062837,,0.27102170615242394,subgroup:462941094542485525
5,2,Crenezumab,2,67,404,63,405,38.3593939308086,1.0661244695898162,0.7779320705599281,1.4610805077621585,0,,,0,0,1,0,0.3982173143200783,,0.6904700051042915,subgroup:462959616121852774
5,2,Gantenerumab,3,70,452,78,461,43.94664227965014,0.9127084088364051,0.6799263193272598,1.2251866354944383,0,,,0.42726938419144667,1,0.5133318900993911,0,0.6080208719978708,,0.54317363419615,subgroup:462941090017355771
6,1,Bapineuzumab,1,22,1002,12,972,28.15396048460829,1.790068379862972,0.8693862950973428,3.685754908554734,0,,,0.09412710402081709,1,0.7589945559495185,0,1.5801197379276937,,0.11407944792975988,subgroup:462281697552110261
6,1,Crenezumab,2,0,404,6,398,2.4171773506968823,0.0757834757834758,0.004283471404811773,1.340766555689668,0,,,0,0,1,0,1.7599223957792582,,0.07842096548084365,subgroup:462281697561547455
6,1,Donanemab,3,16,853,10,874,19.727691454487786,1.6393903868698712,0.7481808292082688,3.5921808413687737,0,,,0,0,1,0,1.235103083189754,,0.21679216561330406,subgroup:462281697557353147
6,1,Lecanemab,4,6,898,7,897,12.895902012258146,0.8561883550747693,0.2888765488802598,2.537618585541515,0,,,0,0,1,0,0.2800884639148797,,0.779409635434546,subgroup:462281697559450301
6,1,Solanezumab,5,23,1708,25,1727,36.805268697948904,0.9626030887318018,0.29923199952597435,3.0966096804615733,0.5302859882213702,,,3.9343526312073194,1,0.04730941080728268,74.58285787430462,0.06393434147028537,,0.949022507664681,subgroup:462281697554993848
6,2,Aducanumab,1,3,680,0,344,7.289748394066257,3.5462555066079293,0.18369789583957818,68.45983760820818,0,,,0,0,1,0,0.8381100364206682,,0.4019689149000051,subgroup:462941113872984139
6,2,Crenezumab,2,8,404,5,405,45.071710109695296,1.603960396039604,0.5292239524724195,4.861248135207182,0,,,0,0,1,0,0.8351545651711115,,0.40363069570166277,subgroup:462959646943171567
6,2,Gantenerumab,3,5,452,9,461,47.638541496238446,0.5891857123694396,0.19148271449038431,1.8129041286267973,0,,,0.9053881268063714,1,0.34134117830590927,0,0.9225087538670838,,0.3562632770774552,subgroup:462941110816385098
7,2,Aducanumab,1,,5,,3,3.9735593446495154,0.5168562568898105,-0.9579855762756353,1.9916980900552563,0,,,0,0,1,0,0.6868666360744404,,0.4921667780345733,subgroup:462280208160785041
7,2,Crenezumab,2,,87,,84,96.02644065535048,0.10274442018549163,-0.19726844852848774,0.402757288899471,0,,,0,0,1,0,0.6712224180223323,,0.5020788537398555,subgroup:462280269879181989
8,1,Crenezumab,1,24,404,31,398,100,0.7626956244011498,0.45589111430639045,1.2759726988004287,0,,,0,0,1,0,1.0317561053413264,,0.30218640149758336,subgroup:462282533734974670
8,1,Donanemab,2,74,853,4,874,100,18.955451348182883,6.961564222363965,51.61327603055803,0,,,0,0,1,0,5.756679868196122,,8.578437122412493e-9,subgroup:462282533743101144
8,1,Lecanemab,3,237,898,66,897,100,3.5869103057299045,2.775065239465424,4.636260567275828,0,,,0,0,1,0,9.755570979078321,,1.7461527305012771e-22,subgroup:462282533744936154
9,1,Aducanumab,1,294,2199,116,1097,12.273762378431469,1.2619924431256417,1.0308759899819415,1.5449238724961718,0,,,0.35826426657287186,1,0.5494720342313681,0,2.2546027951472203,,0.024158271855237463,subgroup:462282655825921928
9,1,Bapineuzumab,2,830,2266,638,1759,45.89929526382642,1.0688316280659234,0.9649161485137328,1.1839381597185419,0.0041832956255733415,,,4.838749788238279,3,0.18399281439654103,38.486968731259594,1.2755861072390395,,0.20210189329700157,subgroup:462282655827494794
9,1,Crenezumab,3,44,407,33,399,3.3037247567311026,1.307125307125307,0.8505466384473077,2.0087982143418657,0,,,0,0,1,0,1.2216197565140063,,0.22185147679184858,subgroup:462282655822251910
9,1,Donanemab,4,231,860,173,876,10.875014215364295,1.3601021642693911,1.1438559026274127,1.6172298390043287,0,,,0,0,1,0,3.4813117844263513,,0.0004989643157722605,subgroup:462282655831689104
9,1,Lecanemab,5,169,898,140,897,9.276837614657177,1.2057986000636334,0.983299869485978,1.4786438085011375,0,,,0,0,1,0,1.7981465334482798,,0.07215378975457563,subgroup:462282655833261970
9,1,Solanezumab,6,289,1713,306,1735,18.371365770989524,0.9588564559191746,0.8246170992596528,1.1149486275306792,0.000808166894458593,,,1.0732208074533403,1,0.30021949045372487,6.822529617841338,0.5459787041041125,,0.5850805783476389,subgroup:462282655830116237
9,2,Crenezumab,1,319,404,321,409,94.25372594347031,1.006068597513957,0.9366708778300015,1.0806079775306114,0,,,0,0,1,0,,0,0.8682265915514285,subgroup:462959748530787618
9,2,Gantenerumab,2,69,260,67,266,5.746274056529666,1.0536165327210103,0.7888018745680653,1.4073341276361955,0,,,0,0,1,0,,0,0.7236128247342862,subgroup:462959743223944425
10,1,MCI,1,,761,,796,21.188836425066388,-0.10779049976034022,-0.3495111158140841,0.13393011629340368,0.0019842918563208823,,,2.43066731674119,2,0.29661110154231296,19.93147221013956,,1.9186823872366137,0.059550708675788724,subgroup:464072319916157429
10,1,MILD dementia,2,,3282,,3303,78.81116357493362,-0.09462099157742654,-0.16867412045024638,-0.020567862704606713,0.0014129459142131183,,,9.530414710395855,7,0.2167821711457949,20.669476410798428,,3.021386060725153,0.0014582047536064009,subgroup:464072330514901499
10,2,MCI,1,,761,,796,24.75517370270846,0.0660848928146161,-0.20340676688862686,0.33557655251785906,0.005234342984911748,,,3.1895520788197276,2,0.20295410756796817,39.65217122483749,,1.0550988670924804,0.31852856430525267,subgroup:464072517961755549
10,2,MILD dementia,2,,2321,,2417,75.24482629729157,0.13060623952112524,-0.002433520087885388,0.26364599913013587,7.891025556763641e-10,,,6.182498060247815,3,0.10306119753845222,0.000020043605245232585,,3.124234030739924,0.000007290522799499719,subgroup:464072520565369766
10,3,MCI,1,,761,,796,41.81480775794297,-0.05429466007526183,-0.4067709785946615,0.2981816584441378,0.012516484398694312,,,5.199511330422935,2,0.07429184134629196,61.09436007006286,,0.6627709591298118,0.5120973159667264,subgroup:464072556412251241
10,3,MILD dementia,2,,2322,,2413,58.185192242057035,-0.12896577965942485,-0.39843206703105355,0.14050050771220385,0.01420136678547549,,,13.312686476762913,3,0.004006981959775557,78.30813469756717,,1.5231095250889484,0.08292720567391942,subgroup:464072559356390506
10,4,MCI,1,,594,,621,99.02233066218974,0.19663641667155798,-0.7773034128438565,1.1705762461869724,0.005112418011499999,,,1.7695847499595523,1,0.18343360205030745,43.489567254529234,,2.565356188527966,0.010306993790438167,subgroup:464072657293651337
10,4,MILD dementia,2,,5,,3,0.9776693378102604,0.611056,-0.8807294275889868,2.102841427588987,0,,,0,0,1,0,,0,0.42207391478359124,subgroup:464072658567933325
10,5,MCI,1,387,1095,29,1076,46.39521560953992,13.045440137670317,9.030597619409846,18.84520998031815,0,,,0.27206627275860507,1,0.60194910823941,0,13.686166452301306,,1.2282023965269135e-42,subgroup:464072707533287038
10,5,MILD dementia,2,471,4487,36,4356,53.60478439046008,9.359238772824135,4.130097862046633,21.20902538694991,0.7130660667577077,,,15.721881340452574,6,0.015327221063513252,71.5258581519144,5.358014701848089,,8.414139507708933e-8,subgroup:464072709197115007
10,6,MCI,1,35,260,2,266,38.154696935444846,17.903846153846153,4.350772528839474,73.67604373150134,0,,,0,0,1,0,3.9970862610110744,,0.00006412693776292763,subgroup:464072743428140817
10,6,MILD dementia,2,25,872,3,539,61.845303064555154,6.300269546290717,2.0739202814359183,19.139306708759197,0,,,0.01943706321571969,1,0.8891207511304386,0,3.246626631202761,,0.0011678148302508714,subgroup:464072744732045074
10,7,MCI,1,42,260,35,266,80.33209480657375,1.2276923076923076,0.8109117597692889,1.858683616569678,0,,,1.7205250586069484e-32,0,0,0,0.9694438102740102,,0.3323238149405914,subgroup:464072796986257314
10,7,MILD dementia,2,14,872,8,539,19.66790519342624,1.583732251262417,0.6849646229299073,3.661806405358529,0,,,0.0996758064529059,1,0.7522190515690469,0,1.0751494969817845,,0.28230781833312846,subgroup:464072798110855075
10,8,MCI,1,147,1095,151,1076,20.886783843074298,0.9570964791588309,0.7749485528033471,1.1820573986550633,0,,,0.2772448699229223,1,0.5985127977300325,0,0.40712201735070197,,0.6839183742305948,subgroup:464072831536836747
10,8,MILD dementia,2,702,3563,669,3573,79.11321615692572,1.0570207720119786,0.9177078517902094,1.2174821325602165,0.013581950036561683,,,8.468685850825919,4,0.07584223163459769,52.56798396952398,0.7690379175047495,,0.4418708077319351,subgroup:464072832914665612
10,9,MCI,1,46,260,55,266,47.33855834720229,0.8556643356643356,0.6015715997700242,1.2170811514502813,0,,,0,0,1,0,0.8671168089181972,,0.38587802066979715,subgroup:464072897341010120
10,9,MILD dementia,2,83,872,46,539,52.66144165279773,1.1898701321218976,0.837782716418237,1.68992616291811,0,,,0.3134514685712165,1,0.5755700228263972,0,0.9711767744695503,,0.33146026980429044,subgroup:464072899030003913
10,10,MCI,1,2,260,6,266,43.6099976710939,0.34102564102564104,0.06946398082624776,1.6742272247231282,0,,,0,0,1,0,1.325158209218034,,0.1851186829944805,subgroup:464072933094195378
10,10,MILD dementia,2,6,872,3,539,56.3900023289061,1.3429429490856106,0.33140601144750387,5.441952475821155,0,,,0.53221307274536,1,0.46567799873053817,0,0.4130152645042532,,0.679595431173915,subgroup:464072934382108851
10,11,MCI,1,294,2199,116,1097,14.493324936616556,1.2619924431256417,1.0308759899819415,1.5449238724961718,0,,,0.35826426657287186,1,0.5494720342313681,0,2.2546027951472203,,0.024158271855237463,subgroup:464072987955429761
10,11,MILD dementia,2,1350,4839,1117,4370,85.50667506338347,1.0819664458620073,0.9735615767314243,1.2024420621667682,0.012229219091932482,,,15.56562748298041,6,0.016285408547019986,61.46897153364185,1.462535751139154,,0.14359445483803826,subgroup:464072989253042564
11,1,Aducanumab,1,,599,,624,19.916901389354106,-0.14145471534214177,-0.4684727905027417,0.18556335981845817,0.004358205375369822,,,2.789076386866231,2,0.24794778594945077,25.029903766966584,,1.8611525299228944,0.055219973816026655,subgroup:462963492477954330
11,1,Crenezumab,2,,12,,15,0.46130798882625157,-0.3377306247437116,-1.1030536622352447,0.42759241274782145,0,,,0,0,1,0,,0,0.38708510438753063,subgroup:462963492487129379
11,1,Donanemab,3,,607,,677,19.3684369910203,-0.17461605996336704,-0.28438211418742354,-0.06485000573931052,0,,,0,0,1,0,,0,0.001821355395721549,subgroup:462963492490537253
11,1,Gantenerumab,4,,167,,175,5.779600833087377,-0.02475644808313742,-0.23678810339241202,0.18727520722613716,0,,,1.0285260062983354e-33,0,0,0,,0,0.8189917270032893,subgroup:462963492498925868
11,1,Lecanemab,5,,854,,872,24.91329115219339,-0.16356516579866837,-0.258081715008226,-0.06904861658911071,0,,,3.3126911281357272e-31,0,0,0,,0,0.0006943348832166632,subgroup:462963492493158695
11,1,Solanezumab,6,,1057,,1072,29.56046164551856,-0.0739546137730699,-0.15894106745847214,0.011031839912332322,0,,,0,0,1,0,,0,0.08809247994008451,subgroup:462963492495780137
11,2,Aducanumab,1,,599,,624,24.357038273853117,0.09311337833250502,-0.7131971113805522,0.8994238680455622,0.016249012869483735,,,8.508447098343009,2,0.014204142706883971,55.24910636568021,,0.4968737689822135,0.3822879108818209,subgroup:462963475046164701
11,2,Crenezumab,2,,12,,15,0.533531895328452,0.16793884927381217,-0.5926977031526056,0.92857540170023,0,,,0,0,1,0,,0,0.6652072649428498,subgroup:462963475051931873
11,2,Donanemab,3,,600,,679,25.528256374786228,0.14556071158732342,0.03559766079525875,0.2555237623793881,0,,,0,0,1,0,,0,0.009474210427111376,subgroup:462963475054815459
11,2,Gantenerumab,4,,167,,175,6.864676652187828,0.0480863852762042,-0.1639680377132999,0.2601408082657083,0,,,0,0,1,0,,0,0.6567172891476809,subgroup:462963475060582632
11,2,Solanezumab,5,,1057,,1072,42.71649680384437,0.09752706631305172,0.012519120328568473,0.18253501229753497,0,,,0,0,1,0,,0,0.024537454419055815,subgroup:462963475057699045
11,3,Aducanumab,1,,602,,627,30.048866253508464,-0.0668405948783844,-0.6216897388800254,0.48800854912325653,0.02054130858746536,,,5.581466865798976,2,0.061376229420405215,61.52869152768006,,0.5183244337758338,0.5584745839218255,subgroup:462963566603364951
11,3,Crenezumab,2,,12,,15,1.5055616357302721,-0.8031462679187891,-1.5968378115421122,-0.0094547242954659,0,,,0,0,1,0,,0,0.04733261842316042,subgroup:462963566595238482
11,3,Donanemab,3,,598,,672,18.037606590972796,-0.2931287586575765,-0.40390175211272944,-0.18235576520242353,0,,,0,0,1,0,,0,2.143071199661204e-7,subgroup:462963566606772827
11,3,Gantenerumab,4,,167,,175,11.406949340644848,0.05066915011037524,-0.1613886898232896,0.2627269900440401,0,,,4.113088079565617e-33,0,0,0,,0,0.6395598773277675,subgroup:462963566612277855
11,3,Lecanemab,5,,859,,875,19.186151225551278,-0.19222440616983708,-0.2865815667072063,-0.09786724563246783,0,,,3.3238922154136087e-31,0,0,0,,0,0.0000652870080351333,subgroup:462963566609394269
11,3,Solanezumab,6,,1057,,1072,19.814864953592334,-0.09136907215605586,-0.17637083393918862,-0.006367310372923096,0,,,0,0,1,0,,0,0.035136573266654224,subgroup:462963566600481364
11,4,Crenezumab,1,,12,,15,1.2194810974402204,0.3280886894908053,-0.4368849247052403,1.093062303686851,0,,,0,0,1,0,,0,0.40056826124401224,subgroup:462963688890920169
11,4,Solanezumab,2,,1057,,1072,98.78051890255978,0.08520087771527177,0.00020490657405014545,0.1701968488564934,0,,,0,0,1,0,,0,0.04945024083656338,subgroup:462963688885939430
11,5,Aducanumab,1,387,1095,29,1076,47.22749631464288,13.045440137670317,9.030597619409846,18.84520998031815,0,,,0.27206627275860507,1,0.60194910823941,0,13.686166452301306,,1.2282023965269135e-42,subgroup:462963700962913550
11,5,Crenezumab,2,1,398,0,388,0.6249259912755074,2.9248120300751883,0.11951309131104863,71.57814526785407,0,,,0,0,1,0,0.6578431199784812,,0.5106389475007329,subgroup:462963700979166493
11,5,Donanemab,3,205,853,18,874,28.61974079268594,11.66927185098346,7.275124533987975,18.717467295025138,0,,,0,0,1,0,10.1916834386924,,2.1599114176625898e-24,subgroup:462963700974447897
11,5,Lecanemab,4,113,898,15,897,22.695404756845054,7.524944320712696,4.426580621513425,12.791992707560027,0,,,0,0,1,0,7.455098121959819,,8.980097306217657e-14,subgroup:462963700977069339
11,5,Solanezumab,5,1,1057,1,1067,0.8324321445506245,1.009460737937559,0.06322306747084952,16.117708649731053,0,,,0,0,1,0,0.006661442220504219,,0.9946849774079015,subgroup:462963700971302166
11,6,Aducanumab,1,147,1095,151,1076,27.730194984628927,0.9570964791588309,0.7749485528033471,1.1820573986550633,0,,,0.2772448699229223,1,0.5985127977300325,0,0.40712201735070197,,0.6839183742305948,subgroup:462963717078478235
11,6,Crenezumab,2,33,404,42,398,7.711365419405013,0.7740452616690241,0.5013086222133811,1.1951640976508928,0,,,0,0,1,0,1.155584486162405,,0.2478511764565443,subgroup:462963717098925480
11,6,Donanemab,3,148,853,138,874,21.494567576198023,1.0988667448221963,0.8890498331464223,1.3582007193035028,0,,,0,0,1,0,0.8721117363849611,,0.38314743330034184,subgroup:462963717093944740
11,6,Lecanemab,4,126,898,101,897,18.104233971399356,1.246135526692981,0.9754820579165359,1.5918834572960012,0,,,0,0,1,0,1.7612746764841385,,0.07819192401482114,subgroup:462963717096566182
11,6,Solanezumab,5,175,1054,202,1067,24.9596380483687,0.8770220001127248,0.7298891601778754,1.053814237348417,0,,,0,0,1,0,1.4005314861395688,,0.16135422153108814,subgroup:462963717089226145
11,7,Crenezumab,1,0,404,6,398,6.024822079560601,0.0757834757834758,0.004283471404811773,1.340766555689668,0,,,0,0,1,0,1.7599223957792582,,0.07842096548084365,subgroup:462963723029933574
11,7,Donanemab,2,16,853,10,874,34.51847146696773,1.6393903868698712,0.7481808292082688,3.5921808413687737,0,,,0,0,1,0,1.235103083189754,,0.21679216561330406,subgroup:462963723042254350
11,7,Lecanemab,3,6,898,7,897,25.572029564371157,0.8561883550747693,0.2888765488802598,2.537618585541515,0,,,0,0,1,0,0.2800884639148797,,0.779409635434546,subgroup:462963723044875792
11,7,Solanezumab,4,9,1054,17,1067,33.884676889100504,0.5359415113293894,0.2399816607285421,1.1968968907625703,0,,,0,0,1,0,1.521525613484176,,0.12812798868546757,subgroup:462963723039108619
11,8,Aducanumab,1,294,2199,116,1097,29.1601251523871,1.2619924431256417,1.0308759899819415,1.5449238724961718,0,,,0.35826426657287186,1,0.5494720342313681,0,2.2546027951472203,,0.024158271855237463,subgroup:462963732444311133
11,8,Crenezumab,2,44,407,33,399,8.648635560505339,1.307125307125307,0.8505466384473077,2.0087982143418657,0,,,0,0,1,0,1.2216197565140063,,0.22185147679184858,subgroup:462963732438806107
11,8,Donanemab,3,231,860,173,876,22.415146488763042,1.3601021642693911,1.1438559026274127,1.6172298390043287,0,,,0,0,1,0,3.4813117844263513,,0.0004989643157722605,subgroup:462963732454010472
11,8,Lecanemab,4,169,898,140,897,20.0196694609879,1.2057986000636334,0.983299869485978,1.4786438085011375,0,,,0,0,1,0,1.7981465334482798,,0.07215378975457563,subgroup:462963732456631914
11,8,Solanezumab,5,143,1054,164,1072,19.756423337356637,0.8868422270560467,0.7206553444898731,1.091352671846841,0,,,0,0,1,0,1.1342727902370278,,0.25668015789232934,subgroup:462963732450864741
12,1,Donanemab,1,321,860,132,876,63.617132948821386,2.4770613107822412,2.0700685551253977,2.964072239145021,0,,,0,0,1,0,9.904833477584315,,3.966302425195185e-23,subgroup:463049337228832199
12,1,Lecanemab,2,195,898,85,897,36.38286705117862,2.291562950347177,1.8073979578616528,2.9054258540917397,0,,,0,0,1,0,6.84768145799623,,7.505645854095207e-12,subgroup:463049337234861513
12,2,Aducanumab,1,395,1103,50,1097,100,8.006005023427129,4.6412898786201895,13.809979146184158,0.11088435877982226,,,3.473377710086992,1,0.06236396162590052,71.20958089021204,7.478181221604791,,7.535823536320975e-14,subgroup:463049339427171789
12,2,Bapinezumab,2,262,1929,17,1759,100,14.01990442117633,4.024338264070762,48.84224612373774,1.114886720535371,,,8.840146299034124,3,0.03149351109113885,74.51566152211794,4.146437818377162,,0.000033768783252955196,subgroup:463049339431628240
12,2,Crenezumab,3,10,407,11,399,100,0.8912218003127094,0.38276786880974045,2.0750861346395606,0,,,0,0,1,0,0.2670642712734975,,0.7894196764412414,subgroup:463049339443949020
12,2,Donanemab,4,212,860,20,876,100,10.797209302325582,6.893488975440451,16.911571068520832,0,,,0,0,1,0,10.392713398755973,,2.676290600621376e-25,subgroup:463049339438706136
12,2,Lecanemab,5,113,898,15,897,100,7.524944320712696,4.426580621513425,12.791992707560027,0,,,0,0,1,0,7.455098121959819,,8.980097306217657e-14,subgroup:463049339441327578
12,2,Solanezumab,6,18,1716,14,1735,99.99999999999999,1.160706846794092,0.345575961979583,3.8985361611299814,0.47354865791652123,,,2.572629092467669,1,0.1087272632202434,61.129258666635124,0.2410849819259267,,0.8094892524383871,subgroup:463049339435560405
12,3,Aducanumab,1,7,680,0,344,100,7.599118942731277,0.435288259576443,132.66291344950963,0,,,0,0,1,0,1.3899221348946573,,0.1645525232820578,subgroup:463049341603491417
12,3,Crenezumab,2,6,404,13,409,100,0.46725057121096725,0.17935167106601438,1.2172905610487255,0,,,0,0,1,0,1.5574825327411872,,0.1193559645169676,subgroup:463049341607947867
12,3,Gantenerumab,3,53,452,5,461,100,9.777363730769803,3.4276020818624247,27.89029742677401,0.13101546880817105,,,1.2913014209732494,1,0.2558083681472658,22.558747031633896,4.263324368355262,,0.000020140781711347685,subgroup:463049341610831453
12,5,Donanemab,1,59,860,3,876,85.40952508294102,20.032558139534885,6.303988492598956,63.65864818519032,0,,,0,0,1,0,,0,3.751395542270447e-7,subgroup:463049345051209400
12,5,Lecanemab,2,25,898,0,897,14.590474917058982,50.943270300333715,3.1061696077410943,835.5038895574628,0,,,0,0,1,0,,0,0.005885700910943156,subgroup:463049345055403706
12,7,Donanemab,1,275,860,121,876,100,2.315010570824524,1.9105916609755873,2.8050336722880567,0,,,0,0,1,0,8.568805498907,,1.0456397219330773e-17,subgroup:463049349692206847
12,7,Lecanemab,2,155,898,81,897,100,1.911449311226594,1.4852377835816704,2.4599687065446343,0,,,0,0,1,0,5.033102570555585,,4.826047370061495e-7,subgroup:463049349696401153
12,7,Crenezumab,3,29,407,34,399,100,0.8361757479404538,0.5195913573230965,1.3456534093368329,0,,,0,0,1,0,0.7370169208282631,,0.46111206517760917,subgroup:463049349699546883
12,8,Gantenerumab,1,54,452,43,461,52.50595349374927,1.2775486791975486,0.878450087661142,1.8579662642699717,0,,,0.19188321727876193,1,0.6613538404359547,0,1.281787255202359,,0.19991728620265137,subgroup:463049351429697331
12,8,Aducanumab,2,2,680,0,344,0.8003628994804415,2.5330396475770924,0.1219456991199386,52.61595859880877,0,,,0,0,1,0,0.600484607391166,,0.5481833194222208,subgroup:463049351415279407
12,8,Crenezumab,3,44,404,43,409,46.693683606770286,1.035919871056873,0.6963682012104042,1.5410381711646362,0,,,0,0,1,0,0.17415044959331985,,0.8617472259464126,subgroup:463049351424978737
12,11,Aducanumab,1,160,1103,172,1097,18.95481125426592,0.9251526538294635,0.758668227877292,1.1281709203540478,0,,,0.00114771780560695,1,0.972974451635641,0,0.7685627512674775,,0.4421529316336851,subgroup:463049926355792052
12,11,Bapinezumab,2,252,1002,197,972,22.845081702072193,1.2283386771397087,1.0363591470921332,1.4558813033018896,0,,,0.8437112874248999,1,0.3583375693414702,0,2.371838915890061,,0.017699805466297645,subgroup:463049926360510647
12,11,Crenezumab,3,36,407,43,399,5.216502411324935,0.8207530998228673,0.5389030533939021,1.2500126815508372,0,,,1.6721653276729983e-32,0,0,0,0.9202989127443291,,0.3574165877659413,subgroup:463049926373617857
12,11,Donanemab,4,155,860,140,876,13.421817216998718,1.1277408637873754,0.9157246189053391,1.3888448880802287,0,,,1.70585323990938e-32,0,0,0,1.1313951000122282,,0.2578888516456823,subgroup:463049926367588541
12,11,Lecanemab,5,126,898,101,897,11.22857139242721,1.246135526692981,0.9754820579165359,1.5918834572960012,0,,,0,0,1,0,1.7612746764841385,,0.07819192401482114,subgroup:463049926370996415
12,11,Solanezumab,6,310,1716,342,1735,28.333216022911017,0.9170725392769616,0.7984766189735046,1.0532832425038126,0,,,0.7064495373772341,1,0.4006254597108967,0,1.225234370422885,,0.22048695102324978,subgroup:463049926364180666
12,12,Aducanumab,1,59,680,23,344,17.446066097631764,1.29769820971867,0.8159302297730878,2.0639272600248817,0,,,0,0,1,0,1.100712765062837,,0.27102170615242394,subgroup:463049930346410366
12,12,Crenezumab,2,67,404,67,409,39.22299714341874,1.0123762376237624,0.7429204924477599,1.3795630312045983,0,,,0,0,1,0,0.07790213139398539,,0.9379059039598324,subgroup:463049930350080384
12,12,Gantenerumab,3,70,452,78,461,43.330936758949505,0.9127084088364051,0.6799263193272598,1.2251866354944383,0,,,0.42726938419144667,1,0.5133318900993911,0,0.6080208719978708,,0.54317363419615,subgroup:463049930340643195
12,14,Bapinezumab,1,22,1002,12,972,25.068891302202378,1.790068379862972,0.8693862950973428,3.685754908554734,0,,,0.09412710402081709,1,0.7589945559495185,0,1.5801197379276937,,0.11407944792975988,subgroup:463050012409016923
12,14,Crenezumab,2,3,407,7,399,8.704318758407886,0.4201474201474201,0.10941729308445301,1.613308551878395,0,,,0,0,1,0,1.263219623284913,,0.2065102874595236,subgroup:463050012404036185
12,14,Donanemab,3,23,860,12,876,18.55700555378813,1.9523255813953488,0.9776891615203388,3.8985552113961885,0,,,0,0,1,0,1.8960186362848501,,0.05795758026339036,subgroup:463050012416094817
12,14,Lecanemab,4,6,898,7,897,11.621768628876424,0.8561883550747693,0.2888765488802598,2.537618585541515,0,,,0,0,1,0,0.2800884639148797,,0.779409635434546,subgroup:463050012419764835
12,14,Solanezumab,5,31,1716,33,1735,36.04801575672518,0.9746586436696275,0.3174821451074546,2.992166603127858,0.5213879718711902,,,4.8993372399627715,1,0.026867138866435325,79.58907601127702,0.044851431422633425,,0.9642257299613791,subgroup:463050012412686942
12,15,Aducanumab,1,3,680,0,344,5.616326098092546,3.5462555066079293,0.18369789583957818,68.45983760820818,0,,,0,0,1,0,0.8381100364206682,,0.4019689149000051,subgroup:463050014674727615
12,15,Crenezumab,2,8,404,9,409,55.42083081656588,0.8998899889988999,0.3506808382193701,2.309227947589953,0,,,0,0,1,0,0.21937954412634594,,0.8263544035088144,subgroup:463050014671581885
12,15,Gantenerumab,3,5,452,9,461,38.96284308534156,0.5891857123694396,0.19148271449038431,1.8129041286267973,0,,,0.9053881268063714,1,0.34134117830590927,0,0.9225087538670838,,0.3562632770774552,subgroup:463050014666076858
12,17,Crenezumab,1,27,407,32,399,100,0.8271652334152334,0.5051194486646128,1.354535694833583,0,,,0,0,1,0,0.7540501837807364,,0.4508190947637416,subgroup:463050121934091093
12,17,Donanemab,2,81,860,6,876,99.99999999999999,13.751162790697675,6.032853812366278,31.34411739078745,0,,,0,0,1,0,6.235328758846615,,4.508302746189672e-10,subgroup:463050121939333975
12,17,Lecanemab,3,237,898,66,897,100,3.5869103057299045,2.775065239465424,4.636260567275828,0,,,0,0,1,0,9.755570979078321,,1.7461527305012771e-22,subgroup:463050121942741849
13,1,Aducanumab,1,,594,,621,13.471315163936257,-0.13429999391286143,-1.0722979651882827,0.8036979773625597,0.004279044745002802,,,1.6458777055921523,1,0.1995209932571812,39.242144382761396,,1.8192397756056597,0.06887485695877835,subgroup:463051597027555744
13,1,Bapinezumab,2,,954,,888,20.223382135943936,-0.01951597074706603,-0.13612346405229164,0.0970915225581596,0,,,1.789867608858836,3,0.6171424733178213,0,,0.5326289695259251,0.6807720852834027,subgroup:463051597031225764
13,1,Crenezumab,3,,12,,15,0.3196554500135444,-0.3377306247437116,-1.1030536622352447,0.42759241274782145,0,,,0,0,1,0,,0,0.38708510438753063,subgroup:463051597035682217
13,1,Donanemab,4,,607,,677,12.930743792397747,-0.17461605996336704,-0.28438211418742354,-0.06485000573931052,0,,,0,0,1,0,,0,0.001821355395721549,subgroup:463051597039876523
13,1,Gantenerumab,5,,167,,175,3.9626130836996363,-0.02475644808313742,-0.23678810339241202,0.18727520722613716,0,,,1.0285260062983354e-33,0,0,0,,0,0.8189917270032893,subgroup:463051597044857263
13,1,Lecanemab,6,,854,,872,16.4562940119961,-0.16356516579866837,-0.258081715008226,-0.06904861658911071,0,,,3.3126911281357272e-31,0,0,0,,0,0.0006943348832166632,subgroup:463051597042235821
13,1,Solanezumab,7,,1716,,1735,32.635996362012776,-0.1144198139408973,-0.7020412351377993,0.4732016072560047,0.0018960032811586461,,,1.7712727558170438,1,0.1832247691331229,43.54342115205601,,2.4741126334299635,0.01335675796418126,subgroup:463051597022312861
13,2,Aducanumab,1,,594,,621,24.499326742364616,-0.09608919208710745,-1.5253770036002547,1.33319861942604,0.018685227002564635,,,3.820964542804242,1,0.050615139050663394,73.82859775856254,,0.8542218983461535,0.39298206066127406,subgroup:463051605442902661
13,2,Crenezumab,2,,12,,15,1.1568734468662585,-0.8031462679187891,-1.5968378115421122,-0.0094547242954659,0,,,0,0,1,0,,0,0.04733261842316042,subgroup:463051605434514048
13,2,Donanemab,3,,598,,672,15.481686180070175,-0.2931287586575765,-0.40390175211272944,-0.18235576520242353,0,,,0,0,1,0,,0,2.143071199661204e-7,subgroup:463051605446834825
13,2,Solanezumab,4,,1716,,1735,32.90792459331384,-0.07468737134774227,-0.3435651460769983,0.19419040338151372,0,,,0.3860295962482124,1,0.5343941803014074,0,,3.529458812796485,0.028314733202121196,subgroup:463051605439756930
13,2,Lecanemab,5,,859,,875,16.602431055499412,-0.19222440616983708,-0.2865815667072063,-0.09786724563246783,0,,,3.3238922154136087e-31,0,0,0,,0,0.0000652870080351333,subgroup:463051605449980555
13,2,Gantenerumab,6,,167,,175,9.351757981885715,0.05066915011037524,-0.1613886898232896,0.2627269900440401,0,,,4.113088079565617e-33,0,0,0,,0,0.6395598773277675,subgroup:463051605452864141
13,3,Aducanumab,1,,594,,621,43.488228383329954,0.19663641667155798,-0.7773034128438565,1.1705762461869724,0.005112418011499999,,,1.7695847499595523,1,0.18343360205030745,43.489567254529234,,2.565356188527966,0.010306993790438167,subgroup:463051614820580113
13,3,Lecanemab,2,,783,,796,56.511771616670046,0.246614,0.14758681968111376,0.34564118031888624,0,,,0,0,1,0,,0,0.0000010553361618866172,subgroup:463051614826871573
13,4,Crenezumab,1,1,399,1,397,15.12108446692633,0.9949874686716792,0.062452538018152245,15.852038911948236,0,,,0,0,1,0,0.0035577802978400646,,0.9971613080179235,subgroup:463051624534064003
13,4,Gantenerumab,2,53,452,5,461,84.8789155330737,9.777363730769803,3.4276020818624247,27.89029742677401,0.13101546880817105,,,1.2913014209732494,1,0.2558083681472658,22.558747031633896,4.263324368355262,,0.000020140781711347685,subgroup:463051624537209733
13,5,Crenezumab,1,67,404,63,405,46.60580887739825,1.0661244695898162,0.7779320705599281,1.4610805077621585,0,,,0,0,1,0,0.3982173143200783,,0.6904700051042915,subgroup:463051635019824146
13,5,Gantenerumab,2,70,452,78,461,53.394191122601754,0.9127084088364051,0.6799263193272598,1.2251866354944383,0,,,0.42726938419144667,1,0.5133318900993911,0,0.6080208719978708,,0.54317363419615,subgroup:463051635010649101
13,6,Crenezumab,1,8,404,5,405,46.562465158283764,1.603960396039604,0.5292239524724195,4.861248135207182,0,,,0,0,1,0,0.8351545651711115,,0.40363069570166277,subgroup:463051641158974541
13,6,Gantenerumab,2,5,452,9,461,53.437534841716236,0.5891857123694396,0.19148271449038431,1.8129041286267973,0,,,0.9053881268063714,1,0.34134117830590927,0,0.9225087538670838,,0.3562632770774552,subgroup:463051641153207370
