Analysis group,Analysis number,Analysis name,Analysis group name,Data source,Data source eligibility,Data type,Log-scale data,Outcome,Intervention grouping,Experimental intervention,Control intervention,Subgroup by,Filter criteria,Experimental group label,Control group label,Statistical method,Effect measure,Unit of effect measure,Analysis model,Heterogeneity estimator,Tau² CI,Subgroup estimates,Overall estimates,Test for subgroup differences,Prediction interval,Swap event and non-event,CI method,CI/PI level,Sort studies by,Graph label (left),Graph label (right),Graph scale,Show risk of bias,Experimental cases,Experimental N,Control cases,Control N,Mean,CI start,CI end,PI start,PI end,Heterogeneity Tau²,Tau² CI start,Tau² CI end,Heterogeneity Chi²,Heterogeneity df,Heterogeneity P,Heterogeneity I²,Effect Z,Effect T,Effect P,Subgroup Chi²,Subgroup df,Subgroup P,Subgroup I²,ID
1,1,ADAS-Cog scale at 18 months,Cognitive function,Custom input,#N/A,Continuous,false,,,,,,,Any Aβ-mAbs,Placebo,IV,Std. Mean Difference,,Random effect,REML,false,true,true,true,false,false,HKSJ,95%,STUDY,Favours Aβ-mAbs,Favours placebo,2,true,,4909,,4986,-0.11064536398214196,-0.15951584540997393,-0.061774882554309934,,,0.0006298272166065482,,,13.73363742017759,12,0.3180402575468364,10.058196727482876,,4.93294789704135,5.310067995745564e-7,9.586603223620408,6,0.1431756928545861,37.412659520354254,analysis:462256577812571943
1,2,ADAS-Cog scale at 24 months,Cognitive function,Custom input,#N/A,Contrast level,false,,,,,,,Any Aβ-mAbs,Placebo,IV,Std. Mean Difference,,Random effect,REML,false,true,true,true,false,false,Wald,95%,STUDY,Favours Aβ-mAbs,Favours placebo,2,true,,96,,116,-0.21345111507719816,-0.809955894867898,0.38305366471350166,,,0.13068342239449995,,,3.107253273106363,1,0.07794458441439278,67.81723560627914,0.7013464303806834,,0.48308684942472613,3.107253273106363,1,0.07794458441439278,67.81723560627916,analysis:462807611298814275
1,3,ADAS-Cog scale above 24 months,Cognitive function,Custom input,#N/A,Continuous,false,,,,,,,Gantenerumab,Placebo,IV,Std. Mean Difference,,Random effect,REML,false,true,true,true,false,false,Wald,95%,STUDY,Favours ganenterumab,Favours placebo,2,true,,997,,962,-0.11765498742004357,-0.20631186107373511,-0.028998113766352043,,,0,,,0.04529134378390451,1,0.8314693593304412,0,2.601033946285526,,0.009294325651165692,,,,,analysis:462259194217688414
1,4,MMSE scale at 18 months,Cognitive function,Custom input,#N/A,Continuous,false,,,,,,,Any Aβ-mAbs,Placebo,IV,Std. Mean Difference,,Random effect,REML,false,true,true,true,false,false,HKSJ,95%,STUDY,Favours placebo,Favours Aβ-mAbs,2,false,,3094,,3228,0.11479688442020253,0.041395332871659335,0.18819843596874575,,,6.258792554040409e-10,,,10.615627855294575,7,0.15628617806320044,0.000010974805293899737,,3.69817110268781,0.0000052588690512577126,0.6799143641730058,4,0.9537825973551013,0,analysis:462259400808399262
1,5,MMSE scale at 24 months,Cognitive function,Custom input,#N/A,Contrast level,false,,,,,,,Any Aβ-mAbs,Placebo,IV,Std. Mean Difference,,Random effect,REML,false,true,true,true,false,false,HKSJ,95%,STUDY,Favours placebo,Favours Aβ-mAbs,2,false,,103,,119,-0.04142837216421256,-1.427756429780876,1.3448996854524509,,,0,,,0.6482344584255502,1,0.42074488130754484,0,,0.3797062143629495,0.7598232526480787,0.6482344584255502,1,0.42074488130754484,0,analysis:462808764451398650
1,6,ADAS-Cog 24 months mean difference,Cognitive function,Custom input,#N/A,Contrast level,false,,,,,,,Experimental,Control,IV,Mean Difference,,Random effect,REML,false,true,true,true,false,false,Wald,95%,STUDY,Favours Aβ-mAbs,Favours placebo,10,false,,,,,-1.4055037783375313,-5.24530641383706,2.4342988571619975,,,5.42395,,,3.2079991858335033,1,0.07327909073446259,68.82792226332252,0.7174162443164631,,0.473117304593097,,,,,analysis:464256663953706595
2,1,CDR-SB scale at 18 months,Dementia severity,Custom input,#N/A,Continuous,false,,,,,,,Any Aβ-mAbs,Placebo,IV,Std. Mean Difference,,Random effect,REML,false,true,true,true,false,false,HKSJ,95%,STUDY,Favours Aβ-mAbs,Favours placebo,2,true,,3954,,4099,-0.12360717841703495,-0.24313682520931665,-0.0040775316247532445,,,0.009919819164920199,,,24.7520742310564,8,0.0017122449264412865,67.03193039986037,,2.3846691762252843,0.005909772277133785,21.446613158140543,5,0.0006668391392379291,76.68629557901949,analysis:462260728362797725
2,2,CDR-SB scale at 24 months,Dementia severity,Custom input,#N/A,Contrast level,false,,,,,,,Any Aβ-mAbs,Placebo,IV,Std. Mean Difference,,Random effect,REML,false,true,true,true,false,false,HKSJ,95%,STUDY,Favours Aβ-mAbs,Favours placebo,2,true,,103,,117,0.03154549881786915,-0.955748096928792,1.0188390945645303,,,0,,,0.32701295504584144,1,0.5674234276465084,0,,0.40598213968465424,0.8164129091761425,0.32701295504584144,1,0.5674234276465084,0,analysis:462808638980629232
2,3,CDR-SB scale above 24 months,Dementia severity,Custom input,#N/A,Continuous,false,,,,,,,Gantenerumab,Placebo,IV,Std. Mean Difference,,Random effect,REML,false,true,true,true,false,false,Wald,95%,STUDY,Favours ganenterumab,Favours placebo,2,true,,997,,962,-0.07010296517035751,-0.15871197650974886,0.01850604616903384,,,0,,,0.19657237060315985,1,0.6575018811462315,0,1.5506243085942815,,0.12099174318573654,,,,,analysis:462261969114995848
2,4,CDR-SB 24 months mean difference,Dementia severity,Custom input,#N/A,Contrast level,false,,,,,,,Experimental,Control,IV,Mean Difference,,Random effect,REML,false,true,true,true,false,false,Wald,95%,STUDY,Favours Aβ-mAbs,Favours placebo,10,false,,,,,0.0318791946308725,-0.6425001302343453,0.7062585194960903,,,0,,,0.32885906040268464,1,0.5663318355239804,0,0.09265122910632011,,0.9261806438098363,,,,,analysis:464256750017417081
3,1,DAD total score at 18 months,Functional ability,Custom input,#N/A,Continuous,false,,,,,,,Bapineuzumab,Placebo,IV,Std. Mean Difference,,Random effect,REML,false,true,true,true,false,false,HKSJ,95%,STUDY,Favours placebo,Favours bapinezumab,2,false,,951,,889,0.04141223915587343,-0.15981990507286503,0.24264438338461192,,,0.008245796785012425,,,5.654003088791944,3,0.12971238610472835,47.33813910398166,,0.6549263190557736,0.5310689375588362,,,,,analysis:462262084209843619
3,2,ADCS-ADL score at 18 months,Functional ability,Custom input,#N/A,Continuous,false,,,,,,,Any Aβ-mAbs,Placebo,IV,Std. Mean Difference,,Random effect,REML,false,true,true,true,false,false,HKSJ,95%,STUDY,Favours placebo,Favours Aβ-mAbs,2,true,,1728,,1750,0.09178831812571327,0.026397093070788205,0.15717954318063831,,,0,,,0.4011617332332878,2,0.818255393981129,0,,6.039545179623862,0.006832780826157539,0.37206402107991543,1,0.5418816291209787,0,analysis:462695241352822877
3,3,ADCS-ADL score at 24 months,Functional ability,Custom input,#N/A,Contrast level,false,,,,,,,Any Aβ-mAbs,Placebo,IV,Std. Mean Difference,,Random effect,REML,false,true,true,true,false,false,HKSJ,95%,STUDY,Favours placebo,Favours Aβ-mAbs,5,true,,103,,118,0.08682091859005586,-3.8291665632562832,4.002808400436395,,,0.134699545428,,,3.1091458230948112,1,0.0778540616533574,67.8368253887619,,0.2817078379692015,0.7781675443166172,3.1091458230948112,1,0.0778540616533574,67.83682538876191,analysis:462822946447579253
3,4,ADCS-ADL score above 24 months,Functional ability,Custom input,#N/A,Continuous,false,,,,,,,Gantenerumab,Placebo,IV,Std. Mean Difference,,Random effect,REML,false,true,true,true,false,false,HKSJ,95%,STUDY,Favours placebo,Favours gantenerumab,2,true,,997,,975,0.0694512278716124,-0.02554427680210744,0.16444673254533224,,,0,,,0.027533135350443844,1,0.8682111857030392,0,,9.289508209639148,0.12321497239199543,,,,,analysis:462695504176300147
3,5,ADCS-ADL-MCI score at 18 months,Functional ability,Custom input,#N/A,Contrast level,false,,,,,,,Any Aβ-mAbs,Placebo,IV,Std. Mean Difference,,Random effect,REML,false,true,true,true,false,false,HKSJ,95%,STUDY,Favours placebo,Favours Aβ-mAbs,2,true,,1382,,1420,0.2253197481892246,0.11570585032913153,0.33493364604931775,,,0,,,2.4731976596501806,3,0.4801545993972042,0,,6.541761712087714,2.8556803583623372e-9,0.3355755266737913,1,0.5623944781324312,0,analysis:462823243339290880
3,6,ADCS-iADL score at 18 months,Functional ability,Custom input,#N/A,Continuous,false,,,,,,,Donanemab,Placebo,IV,Std. Mean Difference,,Random effect,REML,false,true,true,true,false,false,HKSJ,95%,STUDY,Favours &nbsp;placebo,Favours donanemab,2,true,,591,,661,0.2086615152924401,0.0974027030136131,0.3199203275712671,,,0,,,2.390715075718488e-31,0,0,0,,0,0.00023707256249311958,,,,,analysis:462757427332732554
3,7,ADCS-ADL 24 months mean difference,Functional ability,Custom input,#N/A,Contrast level,false,,,,,,,Experimental,Control,IV,Mean Difference,,Random effect,REML,false,true,true,true,false,false,Wald,95%,STUDY,Favours Aβ-mAbs,Favours placebo,100,false,,,,,0.6478059440559442,-4.9197501161898245,6.2153620043017135,,,11.602949999999998,,,3.439516425755584,1,0.06365442620716666,70.9261455327889,0.22804913063858265,,0.8196080461084596,,,,,analysis:464300147263032285
3,8,ADCS-ADL-MCI 18 months mean difference,Functional ability,Custom input,#N/A,Contrast level,false,,,,,,,Experimental,Control,IV,Mean Difference,,Random effect,REML,false,true,true,true,false,false,Wald,95%,STUDY,Favours Aβ-mAbs,Favours placebo,100,false,,,,,1.8958916024482908,1.2725576783326276,2.519225526563954,,,0,,,0.7154192634409342,3,0.8695713525914648,0,5.961297974696909,,2.502421657664096e-9,,,,,analysis:464300219657767947
4,1,Any ARIA at 18 months,ARIA,Custom input,#N/A,Dichotomous,true,,,,,,,Any Aβ-mAbs,Placebo,IV,Risk Ratio,,Random effect,REML,false,true,true,true,false,false,Wald,95%,STUDY,Favours Aβ-mAbs,Favours placebo,100,false,507,1751,215,1771,2.3966970260532987,2.074870925771339,2.7684404669930593,,,0,,,0.32706067091139346,1,0.5673951620802309,0,11.881247178531476,,1.4814041645199886e-32,0.32706067091139346,1,0.5673951620802309,0,analysis:462280884871890935
4,2,Any ARIA E at 18 months,ARIA,Custom input,#N/A,Dichotomous,true,,,,,,,Any Aβ-mAbs,Placebo,IV,Risk Ratio,,Random effect,REML,false,true,true,true,false,false,Wald,95%,STUDY,Favours Aβ-mAbs,Favours placebo,100,true,972,6878,80,6717,10.02161283630108,7.4911225305395135,13.406899090393246,,,0.05421550822631939,,,19.668988269947285,10,0.03254366332936409,25.229500574884824,15.521722550519826,,2.4732157545246336e-54,13.367978003171483,5,0.020163958519228142,62.59718561166262,analysis:462281051314982537
4,3,Any ARIA E at 24 months,ARIA,Custom input,#N/A,Dichotomous,true,,,,,,,Any Aβ-mAbs,Placebo,IV,Risk Ratio,,Random effect,REML,false,true,true,true,false,false,Wald,95%,STUDY,Favours Aβ-mAbs,Favours placebo,100,true,61,1531,6,1202,7.494102694956077,2.9814482006564837,18.837011889115406,,,0.11447625563722202,,,3.6100159997082732,3,0.3067713990986902,11.839560311224007,4.282916968097215,,0.00001844590199713391,2.289700732350116,2,0.3182719166082846,12.652340467776824,analysis:462281228773888087
4,4,Any ARIA E above 24 months,ARIA,Custom input,#N/A,Dichotomous,true,,,,,,,Gantenerumab,Placebo,IV,Risk Ratio,,Random effect,REML,false,true,true,true,false,false,Wald,95%,STUDY,Favours gantenerumab,Favours placebo,100,true,247,993,26,946,9.349943398952874,4.515055695013407,19.36220668555071,,,0.18601437356944023,,,2.9734732437597446,1,0.08464013216668642,66.36929549984545,6.018584524184186,,1.7594883233460052e-9,,,,,analysis:462281263818346591
4,5,Symptomatic ARIA E at 18 months,ARIA,Custom input,#N/A,Dichotomous,true,,,,,,,Any Aβ-mAbs,Placebo,IV,Risk Ratio,,Random effect,REML,false,true,true,true,false,false,HKSJ,95%,STUDY,Favours Aβ-mAbs,Favours placebo,73,true,77,1751,1,1771,52.49035277096728,40.12689855736595,68.66309715119556,,,0,,,0.0006587276941714016,1,0.9795239900487952,0,,187.37098683725682,0.0000015168276846108972,0.0006587276941714018,1,0.9795239900487952,0,analysis:462281332744130721
4,6,Symptomatic ARIA E above 24 months,ARIA,Custom input,#N/A,Dichotomous,true,,,,,,,Gantenerumab,Placebo,IV,Risk Ratio,,Random effect,REML,false,true,true,true,false,false,Wald,95%,STUDY,Favours gantenerumab,Favours placebo,100,true,50,993,2,946,15.546661816944203,4.331361582881387,55.80201260630928,,,0,,,0.8706010473286976,1,0.3507890619622349,0,4.2081304662478205,,0.000025749219266350174,,,,,analysis:462281374235234514
4,7,Any ARIA H at 18 months,ARIA,Custom input,#N/A,Dichotomous,true,,,,,,,Any Aβ-mAbs,Placebo,IV,Risk Ratio,,Random effect,REML,false,true,false,true,false,false,Wald,95%,STUDY,Favours Aβ-mAbs,Favours placebo,30,true,,,,,,,,,,,,,,,,,,,,10.517263761337546,2,0.005202427064491588,80.98364702659461,analysis:462281415178981626
4,8,Any ARIA H at 24 months,ARIA,Custom input,#N/A,Dichotomous,true,,,,,,,Any Aβ-mAbs,Placebo,IV,Risk Ratio,,Random effect,REML,false,true,true,true,false,false,Wald,95%,STUDY,Favours Aβ-mAbs,Favours placebo,100,true,95,1531,74,1202,1.274817128129933,0.9569928828870752,1.6981930996922765,,,0,,,0.3951030116815941,3,0.9412522419394104,0,1.6595103905083912,,0.09701298864567191,0.2032197944028322,2,0.9033819776775246,0,analysis:462281462071038281
4,9,Any ARIA H above 24 months,ARIA,Custom input,#N/A,Dichotomous,true,,,,,,,Gantenerumab,Placebo,IV,Risk Ratio,,Random effect,REML,false,true,true,true,false,false,Wald,95%,STUDY,Favours gantenerumab,Favours placebo,100,true,227,993,116,946,1.86453837103413,1.5186232989272272,2.289246674612755,,,0,,,0.07024352307243215,1,0.7909825457096673,0,5.950432174859791,,2.674353802662286e-9,,,,,analysis:462281485991416153
4,10,Symptomatic ARIA H at 18 months,ARIA,Custom input,#N/A,Dichotomous,true,,,,,,,Lecanemab,Placebo,IV,Risk Ratio,,Random effect,REML,false,true,true,true,false,false,HKSJ,95%,STUDY,Favours lecanemab,Favours placebo,100,true,6,898,2,897,2.9966592427616927,0.606452442031973,14.807371518104377,,,0,,,0,0,1,0,,0,0.17817119958988417,,,,,analysis:462281504039768522
5,1,SAE at 18 months,Serious adverse events (SAE),Custom input,#N/A,Dichotomous,true,,,,,,,Any Aβ-mAbs,Placebo,IV,Risk Ratio,,Random effect,REML,false,true,true,true,false,false,Wald,95%,STUDY,Favours Aβ-mAbs,Favours placebo,5,true,1008,5960,963,5944,1.0411259860249702,0.935646697550099,1.1584963871669378,,,0.010221790720530718,,,13.219779517689776,8,0.1045082380890443,39.37159406448553,0.7394864762995551,,0.459611654473599,11.610199108331013,5,0.040537492920282414,56.93441642691381,analysis:462281532910473704
5,2,SAE at 24 months,Serious adverse events (SAE),Custom input,#N/A,Dichotomous,true,,,,,,,Any Aβ-mAbs,Placebo,IV,Risk Ratio,,Random effect,REML,false,true,true,true,false,false,Wald,95%,STUDY,Favours Aβ-mAbs,Favours placebo,100,true,196,1536,164,1210,1.0310011018008096,0.8481859609704623,1.2532196013929318,,,0,,,2.073118677233327,3,0.5573701992805564,0,0.3065708863211622,,0.7591700169747231,1.6458492930418804,2,0.43914565741847766,0,analysis:462281532926202363
5,3,SAE above 24 months,Serious adverse events (SAE),Custom input,#N/A,Dichotomous,true,,,,,,,Gantenerumab,Placebo,IV,Risk Ratio,,Random effect,REML,false,true,true,true,false,false,Wald,95%,STUDY,Favours gantenerumab,Favours placebo,100,true,137,1004,158,955,0.8237606397871372,0.6672245404164605,1.017021333236581,,,0,,,0.6796972237983192,1,0.4096913612763531,0,1.8030011076060595,,0.07138804072988045,,,,,analysis:462281532928299518
6,1,Mortality at 18 months,Mortality,Custom input,#N/A,Dichotomous,true,,,,,,,Any Aβ-mAbs,Placebo,IV,Risk Ratio,,Random effect,REML,false,true,true,true,false,false,Wald,95%,STUDY,Favours Aβ-mAbs,Favours placebo,100,true,67,4865,60,4868,1.1726999292136089,0.7412379894495478,1.8553084752157156,,,0.11750956618628985,,,10.436724379542483,6,0.10742500181065961,31.573531608179255,0.6806422452751416,,0.49609789367488166,5.666686030388533,4,0.22546158582393638,29.41200591405022,analysis:462281697546867376
6,2,Mortality at 24 months,Mortality,Custom input,#N/A,Dichotomous,true,,,,,,,Any Aβ-mAbs,Placebo,IV,Risk Ratio,,Random effect,REML,false,true,true,true,false,false,Wald,95%,STUDY,Favours Aβ-mAbs,Favours placebo,100,true,16,1536,14,1210,1.0546140034363614,0.46941585681261566,2.3693505025503403,,,0.05836102171404823,,,3.12930089498603,3,0.3721162569093446,7.878413187408801,0.12875643733517564,,0.8975503765147392,2.2239127681796584,2,0.32891513847939546,10.068415064811107,analysis:462281697563644609
6,3,Mortality above 24 months,Mortality,Custom input,#N/A,Dichotomous,true,,,,,,,Gantenerumab,Placebo,IV,Risk Ratio,,Random effect,REML,false,true,true,true,false,false,Wald,95%,STUDY,Favours gantenerumab,Favours placebo,100,true,10,1004,14,955,0.6972000337432345,0.12513570667984972,3.88448589094707,,,1.1273426445050705,,,3.7562793773359644,1,0.05260979385116216,73.37791203621222,0.41155988158527484,,0.680662042974532,,,,,analysis:462281697565217476
7,1,NPI-Q score at 12 months,Behavioural symptoms improvement,Custom input,#N/A,Continuous,false,,,,,,,Crenezumab,Placebo,IV,Std. Mean Difference,,Random effect,REML,false,true,true,true,false,false,HKSJ,95%,STUDY,Favours crenezumab,Favours placebo,2,false,,110,,102,0.08604846600191733,-0.1834920094196857,0.3555889414235204,,,0,,,0,0,1,0,,0,0.531510717475807,,,,,analysis:462280037550654028
7,2,NPI-Q score at 18 months,Behavioural symptoms improvement,Custom input,#N/A,Continuous,false,,,,,,,Any Aβ-mAbs,Placebo,IV,Std. Mean Difference,,Random effect,REML,false,true,true,true,false,false,Wald,95%,STUDY,Favours Aβ-mAbs,Favours placebo,2,false,,92,,87,0.11919939977015584,-0.17479245584770717,0.4131912553880188,,,0,,,0.29082477899863884,1,0.5896925528495796,0,0.7946700769560444,,0.4268054499757068,0.29082477899863873,1,0.5896925528495798,0,analysis:462280200164082320
8,1,Infusion reaction at 18 months,Infusion reaction,Custom input,#N/A,Dichotomous,true,,,,,,,Any Aβ-mAbs,Placebo,IV,Risk Ratio,,Random effect,REML,false,true,false,true,false,false,Wald,95%,STUDY,Favours Aβ-mAbs,Favours placebo,100,false,,,,,,,,,,,,,,,,,,,,42.00593271117046,2,6.702514099288237e-10,95.2387677860843,analysis:462282533731566797
8,2,Infusion reaction at 24 months,Infusion reaction,Custom input,#N/A,Dichotomous,true,,,,,,,Crenezumab,Placebo,IV,Risk Ratio,,Random effect,REML,false,true,true,true,false,false,Wald,95%,STUDY,Favours crenezumab,Favours placebo,100,false,47,404,41,405,1.1491789422844723,0.7737788248778544,1.7067050673020483,,,0,,,0,0,1,0,0.6890439152189698,,0.4907956369796116,,,,,analysis:462959692646667314
9,1,Study discontinuation at 18 months,Study discontinuation,Custom input,#N/A,Dichotomous,true,,,,,,,Any Aβ-mAbs,Placebo,IV,Risk Ratio,,Random effect,REML,false,true,true,true,false,false,Wald,95%,STUDY,Favours Aβ-mAbs,Favours placebo,10,false,1857,8343,1406,6763,1.1206951078897667,1.0286829655362482,1.2209374189387208,,,0.009763288183533314,,,19.675245015497353,10,0.03247840389843515,49.55690026804647,2.6069413207158743,,0.009135501438816494,12.040433847353722,5,0.0342379773199577,58.47325716507372,analysis:462282655821465477
9,2,Study discontinuation at 24 months,Study discontinuation,Custom input,#N/A,Dichotomous,true,,,,,,,Any Aβ-mAbs,Placebo,IV,Risk Ratio,,Random effect,REML,false,true,true,true,false,false,HKSJ,95%,STUDY,Favours Aβ-mAbs,Favours placebo,10,false,388,664,388,675,1.0087417778211831,0.8799874387081287,1.1563346583852117,,,0,,,0.09214411040118367,1,0.7614688744855121,0,,0.8098936025158241,0.805802054942973,0.09214411040118368,1,0.7614688744855121,0,analysis:462282655834572692
9,3,Study discontinuation above 24 months,Study discontinuation,Custom input,#N/A,Dichotomous,true,,,,,,,Gantenerumab,Placebo,IV,Risk Ratio,,Random effect,REML,false,true,true,true,false,false,Wald,95%,STUDY,Favours gantenerumab,Favours placebo,10,false,250,997,178,962,1.3550026889949676,1.1094221053296687,1.654944748588734,,,0.005604882658618336,,,1.3671147322570354,1,0.24230841136994508,26.853249664784762,2.977752234799785,,0.0029037060940241095,,,,,analysis:462282655836145559
10,1,ADAS-Cog scale at 18 months,Subgroup analysis - MCI/Mild dementia,Custom input,#N/A,Continuous,false,,,,,,,Any Aβ-mAbs,Placebo,IV,Std. Mean Difference,,Random effect,REML,false,true,true,true,false,false,HKSJ,95%,STUDY,Favours Aβ-mAbs,Favours placebo,2,false,,4043,,4099,-0.09899149659419113,-0.15560217617860456,-0.04238081700977768,,,0.0007719683934441199,,,11.997524198922402,10,0.285222330781828,11.701546257715592,,3.896204766474442,0.00005629538104421381,0.041924245501842754,1,0.837764355131033,0,analysis:464072299725302051
10,2,MMSE scale at 18 months,Subgroup analysis - MCI/Mild dementia,Custom input,#N/A,Continuous,false,,,,,,,Any Aβ-mAbs,Placebo,IV,Std. Mean Difference,,Random effect,REML,false,true,true,true,false,false,HKSJ,95%,STUDY,Favours placebo,Favours Aβ-mAbs,2,false,,3082,,3213,0.11457174403646446,0.032429361688397274,0.19671412638453165,,,1.4633893351876607e-10,,,10.596797736971427,6,0.10166633344898035,0.000002974027886034868,,3.4129392187769523,0.000005742431759800866,0.7341391797178121,1,0.3915448286248808,0,analysis:464072511984872313
10,3,CDR-SB scale at 18 months,Subgroup analysis - MCI/Mild dementia,Custom input,#N/A,Continuous,false,,,,,,,Any Aβ-mAbs,Placebo,IV,Std. Mean Difference,,Random effect,REML,false,true,true,true,false,false,HKSJ,95%,STUDY,Favours Aβ-mAbs,Favours placebo,2,false,,3083,,3209,-0.09870955765338817,-0.2353705032994813,0.037951387992705005,,,0.01181029993612971,,,19.911216239704718,6,0.002871981652003752,70.59033900109284,,1.7673929099396197,0.06065464691480704,0.4016995121130944,1,0.5262128739782099,0,analysis:464072546316823520
10,4,ADCS-ADL-MCI score at 18 months,Subgroup analysis - MCI/Mild dementia,Custom input,#N/A,Contrast level,false,,,,,,,Any Aβ-mAbs,Placebo,IV,Std. Mean Difference,,Random effect,REML,false,true,true,true,false,false,HKSJ,95%,STUDY,Favours placebo,Favours Aβ-mAbs,2,false,,599,,624,0.20065946295017337,-0.06248395345495347,0.4638028793553002,,,0.004898014694456488,,,2.0660603563716635,2,0.3559269528568578,27.270757246252163,,3.280978863010948,0.007929025185410615,0.2934821203305372,1,0.5879977781237098,0,analysis:464072650495470905
10,5,Any ARIA E at 18 months,Subgroup analysis - MCI/Mild dementia,Custom input,#N/A,Dichotomous,true,,,,,,,Any Aβ-mAbs,Placebo,IV,Risk Ratio,,Random effect,REML,false,true,true,true,false,false,Wald,95%,STUDY,Favours Aβ-mAbs,Favours placebo,100,false,858,5582,65,5432,11.083565555541831,8.62725444857497,14.239225950300403,,,1.504823786688905e-9,,,17.400852934090537,8,0.02619544888978864,9.083032824227054e-7,18.818056805909798,,0,0.5265404441835176,1,0.46806504375010793,0,analysis:464072694637374946
10,6,Any ARIA E at 24 months,Subgroup analysis - MCI/Mild dementia,Custom input,#N/A,Dichotomous,true,,,,,,,Any Aβ-mAbs,Placebo,IV,Risk Ratio,,Random effect,REML,false,true,true,true,false,false,Wald,95%,STUDY,Favours Aβ-mAbs,Favours placebo,100,false,60,1132,5,805,9.384776937859368,3.9167386791191734,22.4865750280751,,,0,,,1.3143793591995805,2,0.518305930177078,0,5.02218485964173,,5.108697694185166e-7,1.2949422959838608,1,0.2551392591790488,22.776481770546532,analysis:464072730452537029
10,7,Any ARIA H at 24 months,Subgroup analysis - MCI/Mild dementia,Custom input,#N/A,Dichotomous,true,,,,,,,Any Aβ-mAbs,Placebo,IV,Risk Ratio,,Random effect,REML,false,true,true,true,false,false,Wald,95%,STUDY,Favours Aβ-mAbs,Favours placebo,100,false,56,1132,43,805,1.2907457653300767,0.890032950375338,1.8718684853352252,,,0,,,0.3845146468405589,2,0.8250945845126592,0,1.3457075840431023,,0.17839683955809932,0.2848388403876531,1,0.5935471349233744,0,analysis:464072787232141149
10,8,SAE at 18 months,Subgroup analysis - MCI/Mild dementia,Custom input,#N/A,Dichotomous,true,,,,,,,Any Aβ-mAbs,Placebo,IV,Risk Ratio,,Random effect,REML,false,true,true,true,false,false,Wald,95%,STUDY,Favours Aβ-mAbs,Favours placebo,5,false,849,4658,820,4649,1.0335996135378502,0.9229691821412636,1.157490609412441,,,0.008733462503868824,,,9.29392707689404,6,0.15771019032469036,37.94609374248976,0.5721547261636903,,0.5672171590177923,0.5869598731442266,1,0.4435972741462183,0,analysis:464072816103108556
10,9,SAE at 24 months,Subgroup analysis - MCI/Mild dementia,Custom input,#N/A,Dichotomous,true,,,,,,,Any Aβ-mAbs,Placebo,IV,Risk Ratio,,Random effect,REML,false,true,true,true,false,false,Wald,95%,STUDY,Favours Aβ-mAbs,Favours placebo,100,false,129,1132,101,805,1.0171003584336336,0.7766752916111401,1.3319506237669374,,,0.007680397394594064,,,2.002699668527111,2,0.36738331264104185,12.953404096888784,0.1232263072037814,,0.9019278942062182,1.6892481999558946,1,0.193700185404992,40.80206804268849,analysis:464072818488356929
10,10,Mortality at 24 months,Subgroup analysis - MCI/Mild dementia,Custom input,#N/A,Dichotomous,true,,,,,,,Any Aβ-mAbs,Placebo,IV,Risk Ratio,,Random effect,REML,false,true,true,true,false,false,Wald,95%,STUDY,Favours Aβ-mAbs,Favours placebo,100,false,8,1132,9,805,0.7386863934944169,0.2582976005672591,2.1125151249390046,,,1.823457844027375e-9,,,2.139659714534498,2,0.3430670882250024,1.9101915213187958e-7,0.5649595071866405,,0.5721013093886611,1.6074466417891382,1,0.2048511508758455,37.789536896417985,analysis:464072919510417435
10,11,Study discontinuation at 18 months,Subgroup analysis - MCI/Mild dementia,Custom input,#N/A,Dichotomous,true,,,,,,,Any Aβ-mAbs,Placebo,IV,Risk Ratio,,Random effect,REML,false,true,true,true,false,false,Wald,95%,STUDY,Favours Aβ-mAbs,Favours placebo,10,false,1644,7038,1233,5467,1.1066137889762808,1.0058789399688157,1.2174368398551074,,,0.011347045268719328,,,18.17250948914434,8,0.019969730526188778,55.70074135549202,2.0803371331714073,,0.03749462113086454,1.7478287076970638,1,0.1861500385492516,42.78615543982005,analysis:464072922899415151
11,1,ADAS-Cog scale at 18 months,Sensitivity analysis: including only participants in whom PET or CSF testing for amyloid was abnormal,Custom input,#N/A,Continuous,false,,,,,,,Any Aβ-mAbs,Placebo,IV,Std. Mean Difference,,Random effect,REML,false,true,true,true,false,false,HKSJ,95%,STUDY,Favours Aβ-mAbs,Favours placebo,2,true,,3296,,3435,-0.12693720335457306,-0.1856955079971654,-0.06817889871198073,,,0.0005071490984173332,,,6.801169629836933,7,0.4498716947701501,8.638894661839089,,5.108363681033205,0.0000017676159857491512,4.012001344518409,5,0.5476894275188628,0,analysis:462963492471138585
11,2,MMSE scale at 18 months,Sensitivity analysis: including only participants in whom PET or CSF testing for amyloid was abnormal,Custom input,#N/A,Continuous,false,,,,,,,Any Aβ-mAbs,Placebo,IV,Std. Mean Difference,,Random effect,REML,false,true,true,true,false,false,HKSJ,95%,STUDY,Favours placebo,Favours Aβ-mAbs,2,false,,2435,,2565,0.10168716743844906,0.013978091330352299,0.18939624354654588,,,4.232933114008572e-10,,,9.593677146889691,6,0.14283940190892075,0.000006304018810003947,,2.836873287363688,0.00033423456940061063,0.8417880640558396,4,0.9327596319921164,0,analysis:462963475038562524
11,3,CDR-SB scale at 18 months,Sensitivity analysis: including only participants in whom PET or CSF testing for amyloid was abnormal,Custom input,#N/A,Continuous,false,,,,,,,Any Aβ-mAbs,Placebo,IV,Std. Mean Difference,,Random effect,REML,false,true,true,true,false,false,HKSJ,95%,STUDY,Favours Aβ-mAbs,Favours placebo,2,true,,3295,,3436,-0.13682442927549915,-0.27918586243249677,0.005537003881498526,,,0.011448938210774941,,,21.90768804792986,7,0.0026351843904139916,68.05810728662523,,2.272654583530216,0.0077609973323313685,15.336107521628021,5,0.009018741926288931,67.39720301941898,analysis:462963566584228433
11,4,ADCS-ADL score at 18 months,Sensitivity analysis: including only participants in whom PET or CSF testing for amyloid was abnormal,Custom input,#N/A,Continuous,false,,,,,,,Any Aβ-mAbs,Placebo,IV,Std. Mean Difference,,Random effect,REML,false,true,true,true,false,false,HKSJ,95%,STUDY,Favours placebo,Favours Aβ-mAbs,2,true,,1069,,1087,0.08816284866786056,-0.25056020753968244,0.4268859048754037,,,0,,,0.3825480730361851,1,0.5362430266499582,0,,3.3071714039147215,0.04080548270550431,0.3825480730361851,1,0.5362430266499582,0,analysis:462963688878599397
11,5,Any Aria E at 18 months,Sensitivity analysis: including only participants in whom PET or CSF testing for amyloid was abnormal,Custom input,#N/A,Dichotomous,true,,,,,,,Any Aβ-mAbs,Placebo,IV,Risk Ratio,,Random effect,REML,false,true,true,true,false,false,Wald,95%,STUDY,Favours Aβ-mAbs,Favours placebo,100,true,707,4301,63,4302,10.81586280412416,8.400065650773456,13.926425466313475,,,2.089081265673731e-9,,,6.622095631085374,5,0.2502963295056002,0.0000018934321632401233,18.461928752572078,,4.1813981933892796e-76,6.350029358326768,4,0.17448848478898404,37.008165249585566,analysis:462963700954000653
11,6,SAE at 18 months,Sensitivity analysis: including only participants in whom PET or CSF testing for amyloid was abnormal,Custom input,#N/A,Dichotomous,true,,,,,,,Any Aβ-mAbs,Placebo,IV,Risk Ratio,,Random effect,REML,false,true,true,true,false,false,Wald,95%,STUDY,Favours Aβ-mAbs,Favours placebo,5,true,629,4304,634,4312,0.9956184087406975,0.8729285417371393,1.1355523028846624,,,0.00925907235201711,,,7.593995899465209,5,0.18007656117553972,35.172906841017245,0.06544450281617943,,0.947820091878093,7.316751029542286,4,0.1200666636918013,45.33092647474943,analysis:462963717069827482
11,7,Mortality at 18 months,Sensitivity analysis: including only participants in whom PET or CSF testing for amyloid was abnormal,Custom input,#N/A,Dichotomous,true,,,,,,,Any Aβ-mAbs,Placebo,IV,Risk Ratio,,Random effect,REML,false,true,true,true,false,false,Wald,95%,STUDY,Favours Aβ-mAbs,Favours placebo,100,true,31,3209,40,3236,0.789896785844316,0.3743483373656336,1.6667282047462901,,,0.26031324386245436,,,6.674710937174618,3,0.08302125293438511,47.81524539134082,0.6190622100016995,,0.5358753806880281,6.674710937174618,3,0.08302125293438511,55.054233385724885,analysis:462963723021807109
11,8,Study discontinuation at 18 months,Sensitivity analysis: including only participants in whom PET or CSF testing for amyloid was abnormal,Custom input,#N/A,Dichotomous,true,,,,,,,Any Aβ-mAbs,Placebo,IV,Risk Ratio,,Random effect,REML,false,true,true,true,false,false,Wald,95%,STUDY,Favours Aβ-mAbs,Favours placebo,10,false,881,5418,626,4341,1.1906490970194992,1.0272838304680885,1.3799937565330795,,,0.01748909889518633,,,10.881730061064895,5,0.05377605039431388,53.97771969361591,2.317456158824634,,0.02047889620032396,10.523465794492022,4,0.032475328905739786,61.98970873176023,analysis:462963732430941786
12,1,Any Aria at 18 months,Sensitivity analysis: likely scenario,Custom input,#N/A,Dichotomous,true,,,,,,,Any Aβ-mAbs,Placebo,IV,Risk Ratio,,Random effect,REML,false,true,true,true,false,false,Wald,95%,STUDY,Favours Aβ-mAbs,Favours placebo,100,false,516,1758,217,1773,2.407894978184837,2.086713047151984,2.7785124715068057,,,0,,,0.26284470083820205,1,0.608172552650559,0,12.030528785885604,,2.455828105728698e-33,0.26284470083820205,1,0.608172552650559,0,analysis:463049337220967878
12,2,Any Aria E at 18 months,Sensitivity analysis: likely scenario,Custom input,#N/A,Dichotomous,true,,,,,,,Any Aβ-mAbs,Placebo,IV,Risk Ratio,,Random effect,REML,false,true,false,true,false,false,Wald,95%,STUDY,Favours Aβ-mAbs,Favours placebo,100,true,,,,,,,,,,,,,,,,,,,,36.203080622111045,5,8.648506079067531e-7,86.18902061901814,analysis:463049339422977484
12,3,Any Aria E at 24 months,Sensitivity analysis: likely scenario,Custom input,#N/A,Dichotomous,true,,,,,,,Any Aβ-mAbs,Placebo,IV,Risk Ratio,,Random effect,REML,false,true,false,true,false,false,Wald,95%,STUDY,Favours Aβ-mAbs,Favours placebo,100,true,,,,,,,,,,,,,,,,,,,,18.49916127499054,2,0.0000961530352782125,89.18869904278392,analysis:463049341595889240
12,4,Any Aria E above 24 months,Sensitivity analysis: likely scenario,Custom input,#N/A,Dichotomous,true,,,,,,,Gantenerumab,Placebo,IV,Risk Ratio,,Random effect,REML,false,true,true,true,false,false,Wald,95%,STUDY,Favours gantenerumab,Favours placebo,100,true,258,1004,35,955,7.011725500864049,4.424085173938954,11.112872507310728,,,0.0478241715183116,,,1.7373239613669478,1,0.18747836182976796,42.44021136891546,8.288872655143255,,1.1432686627322867e-16,,,,,analysis:463049343421984404
12,5,Symptomatic Aria E at 18 months,Sensitivity analysis: likely scenario,Custom input,#N/A,Dichotomous,true,,,,,,,Any Aβ-mAbs,Placebo,IV,Risk Ratio,,Random effect,REML,false,true,true,true,false,false,HKSJ,95%,STUDY,Favours Aβ-mAbs,Favours placebo,100,true,84,1758,3,1773,22.9550879799467,0.3489069429938378,1510.2481471009291,,,0,,,0.3652666919990337,1,0.545595958033096,0,,9.510448907660056,9.038093506696589e-9,0.3652666919990338,1,0.545595958033096,0,analysis:463049345043082935
12,6,Symptomatic Aria E above 24 months,Sensitivity analysis: likely scenario,Custom input,#N/A,Dichotomous,true,,,,,,,Gantenerumab,Placebo,IV,Risk Ratio,,Random effect,REML,false,true,true,true,false,false,Wald,95%,STUDY,Favours gantenerumab,Favours placebo,100,true,57,1004,15,955,3.563913804180534,2.027776401261072,6.263748604495806,,,0,,,0.5438380777894651,1,0.46084652978013674,0,4.417010767318361,,0.000010007524690193526,,,,,analysis:463049347084136155
12,7,Any Aria H at 18 months,Sensitivity analysis: likely scenario,Custom input,#N/A,Dichotomous,true,,,,,,,Any Aβ-mAbs,Placebo,IV,Risk Ratio,,Random effect,REML,false,true,false,true,false,false,Wald,95%,STUDY,Favours Aβ-mAbs,Favours placebo,100,true,,,,,,,,,,,,,,,,,,,,15.229044891053954,2,0.0004932388401901466,86.867200048935,analysis:463049349684342526
12,8,Any Aria H at 24 months,Sensitivity analysis: likely scenario,Custom input,#N/A,Dichotomous,true,,,,,,,Any Aβ-mAbs,Placebo,IV,Risk Ratio,,Random effect,REML,false,true,true,true,false,false,Wald,95%,STUDY,Favours Aβ-mAbs,Favours placebo,100,true,100,1536,86,1214,1.1647734143120632,0.8879246937836456,1.527941633098401,,,0,,,1.0124283631496613,3,0.7982447116845778,0,1.1015187536013973,,0.2706709644294769,0.8205451458708994,2,0.6634696530702979,0,analysis:463049351389851438
12,9,Any Aria H above 24 months,Sensitivity analysis: likely scenario,Custom input,#N/A,Dichotomous,true,,,,,,,Gantenerumab,Placebo,IV,Risk Ratio,,Random effect,REML,false,true,true,true,false,false,Wald,95%,STUDY,Favours gantenerumab,Favours placebo,100,true,238,1004,125,955,1.8114479206226242,1.4867453659136254,2.207064938192424,,,0,,,0.05372243726779154,1,0.8167081077300175,0,5.894926518998627,,3.748481522179864e-9,,,,,analysis:463049353117380458
12,10,Symptomatic Aria H at 18 months,Sensitivity analysis: likely scenario,Custom input,#N/A,Dichotomous,true,,,,,,,Lecanemab,Placebo,IV,Risk Ratio,,Random effect,REML,false,true,true,true,false,false,HKSJ,95%,STUDY,Favours lecanemab,Favours placebo,100,true,6,898,2,897,2.9966592427616927,0.606452442031973,14.807371518104377,,,0,,,0,0,1,0,,0,0.17817119958988417,,,,,analysis:463049355092373388
12,11,SAE at 18 months,Sensitivity analysis: likely scenario,Custom input,#N/A,Dichotomous,true,,,,,,,Any Aβ-mAbs,Placebo,IV,Risk Ratio,,Random effect,REML,false,true,true,true,false,false,Wald,95%,STUDY,Favours Aβ-mAbs,Favours placebo,5,true,1039,5986,995,5976,1.0393899524678154,0.9341304869899411,1.1565102395621532,,,0.01082127103500945,,,13.63319653611215,8,0.09184142949116614,41.66032567467134,0.7091782881862533,,0.47821385031238184,12.08188799350441,5,0.033682848116105446,58.615739504553,analysis:463049926346354867
12,12,SAE at 24 months,Sensitivity analysis: likely scenario,Custom input,#N/A,Dichotomous,true,,,,,,,Any Aβ-mAbs,Placebo,IV,Risk Ratio,,Random effect,REML,false,true,true,true,false,false,Wald,95%,STUDY,Favours Aβ-mAbs,Favours placebo,100,true,196,1536,168,1214,1.010767189840979,0.8326816493322196,1.2269398669687943,,,0,,,2.0028666522935534,3,0.5718119675533719,0,0.1083025665944542,,0.913755686757973,1.5755972681021064,2,0.4548451331155493,0,analysis:463049930332254586
12,13,SAE above 24 months,Sensitivity analysis: likely scenario,Custom input,#N/A,Dichotomous,true,,,,,,,Gantenerumab,Placebo,IV,Risk Ratio,,Random effect,REML,false,true,true,true,false,false,Wald,95%,STUDY,Favours gantenerumab,Favours placebo,100,true,137,1004,158,955,0.8237606397871372,0.6672245404164605,1.017021333236581,,,0,,,0.6796972237983192,1,0.4096913612763531,0,1.8030011076060595,,0.07138804072988045,,,,,analysis:463049933437088182
12,14,Mortality at 18 months,Sensitivity analysis: likely scenario,Custom input,#N/A,Dichotomous,true,,,,,,,Any Aβ-mAbs,Placebo,IV,Risk Ratio,,Random effect,REML,false,true,true,true,false,false,Wald,95%,STUDY,Favours Aβ-mAbs,Favours placebo,100,true,85,4883,71,4879,1.1789919429755795,0.7388762249379347,1.8812650274653155,,,0.18180117928145018,,,11.583326589237494,6,0.07193659246289341,47.30965037136381,0.6906438160796603,,0.48978940972443896,5.569259386684179,4,0.23370853858970497,28.177164641248343,analysis:463050012395123288
12,15,Mortality at 24 months,Sensitivity analysis: likely scenario,Custom input,#N/A,Dichotomous,true,,,,,,,Any Aβ-mAbs,Placebo,IV,Risk Ratio,,Random effect,REML,false,true,true,true,false,false,Wald,95%,STUDY,Favours Aβ-mAbs,Favours placebo,100,true,16,1536,18,1214,0.824084985092706,0.40858720612152133,1.6621079967277879,,,0,,,2.2147962952109492,3,0.5290399353511102,0,0.540527566445005,,0.5888332577923221,1.309408168404578,2,0.5195958302506116,0,analysis:463050014657426105
12,16,Mortality above 24 months,Sensitivity analysis: likely scenario,Custom input,#N/A,Dichotomous,true,,,,,,,Gantenerumab,Placebo,IV,Risk Ratio,,Random effect,REML,false,true,false,true,false,false,Wald,95%,STUDY,Favours gantenerumab,Favours placebo,100,true,,,,,,,,,,,,,,,,,,,,,,,,analysis:463050016295826164
12,17,Infusion reaction at 18 months,Sensitivity analysis: likely scenario,Custom input,#N/A,Dichotomous,true,,,,,,,Any Aβ-mAbs,Placebo,IV,Risk Ratio,,Random effect,REML,false,true,false,true,false,false,Wald,95%,STUDY,Favours Aβ-mAbs,Favours placebo,100,false,,,,,,,,,,,,,,,,,,,,41.171494942414384,2,1.06166808677699e-9,95.1422701488072,analysis:463050121925440340
12,18,Infusion reaction at 24 months,Sensitivity analysis: likely scenario,Custom input,#N/A,Dichotomous,true,,,,,,,Crenezumab,Placebo,IV,Risk Ratio,,Random effect,REML,false,true,true,true,false,false,Wald,95%,STUDY,Favours crenezumab,Favours placebo,100,false,47,404,45,409,1.0573707370737073,0.7195137868832507,1.5538727624147786,,,0,,,0,0,1,0,0.2840189645091907,,0.7763958476233727,,,,,analysis:463050123379290998
13,1,ADAS-cog scale at 18 months,Sensitivity analysis: excluding studies at high risk of bias,Custom input,#N/A,Continuous,false,,,,,,,Any Aβ-mAbs,Placebo,IV,Std. Mean Difference,,Random effect,REML,false,true,true,true,false,false,HKSJ,95%,STUDY,Favours Aβ-mAbs,Favours placebo,2,false,,4904,,4983,-0.10993246867978823,-0.15897441164498113,-0.06089052571459533,,,0.0006488019611471138,,,12.527827066402345,11,0.3253022651912605,11.1561542029597,,4.933730549865334,6.731022895040428e-7,9.504820110431979,6,0.14711427957263246,36.87413406788495,analysis:463051597017332124
13,2,CDR-SB scale at 18 months,Sensitivity analysis: excluding studies at high risk of bias,Custom input,#N/A,Continuous,false,,,,,,,Any Aβ-mAbs,Placebo,IV,Std. Mean Difference,,Random effect,REML,false,true,true,true,false,false,HKSJ,95%,STUDY,Favours Aβ-mAbs,Favours placebo,2,false,,3946,,4093,-0.12849433912776467,-0.2476051710802411,-0.0093835071752882,,,0.009791304732898064,,,22.776746771931606,7,0.0018640662321287582,69.58932576101303,,2.5509084726046134,0.004159708038948741,21.347425192971034,5,0.0006963174956031715,76.57797155955686,analysis:463051605425339007
13,3,ADCS-ADL-MCI score at 18 months,Sensitivity analysis: excluding studies at high risk of bias,Custom input,#N/A,Contrast level,false,,,,,,,Any Aβ-mAbs,Placebo,IV,Std. Mean Difference,,Random effect,REML,false,true,true,true,false,false,HKSJ,95%,STUDY,Favours placebo,Favours Aβ-mAbs,2,false,,1377,,1417,0.2243591813263046,0.052348939285227325,0.3963694233673819,,,1.5873572197656918e-9,,,2.21571706031497,2,0.3302657393786448,0.00003223739621396802,,5.612105615412855,3.4836622694342076e-9,0.2963605084454001,1,0.5861731870430997,0,analysis:463051614811405072
13,4,Any Aria E at 24 months,Sensitivity analysis: excluding studies at high risk of bias,Custom input,#N/A,Dichotomous,true,,,,,,,Any Aβ-mAbs,Placebo,IV,Risk Ratio,,Random effect,REML,false,true,true,true,false,false,Wald,95%,STUDY,Favours Aβ-mAbs,Favours placebo,100,false,54,851,6,858,7.049380973355793,2.159462033144989,23.012107341909523,,,0.41465093243432855,,,3.6099854081596665,2,0.16447572186627413,37.60116902102795,3.23535982407809,,0.0012148952229720767,2.2892004899689087,1,0.13027713803237262,56.31662650860337,analysis:463051624519908224
13,5,SAE at 24 months,Sensitivity analysis: excluding studies at high risk of bias,Custom input,#N/A,Dichotomous,true,,,,,,,Any Aβ-mAbs,Placebo,IV,Risk Ratio,,Random effect,REML,false,true,true,true,false,false,Wald,95%,STUDY,Favours Aβ-mAbs,Favours placebo,100,false,137,856,141,866,0.9812501178278273,0.7913038306416728,1.216791523625436,,,0,,,0.9258029465763137,2,0.62945468220436,0,0.17243215426503314,,0.8630977953713148,0.49853356238486707,1,0.4801452233024952,0,analysis:463051635000425484
13,6,Mortality at 24 months,Sensitivity analysis: excluding studies at high risk of bias,Custom input,#N/A,Dichotomous,true,,,,,,,Any Aβ-mAbs,Placebo,IV,Risk Ratio,,Random effect,REML,false,true,true,true,false,false,Wald,95%,STUDY,Favours Aβ-mAbs,Favours placebo,100,false,13,856,14,866,0.9391327943059657,0.38115350159305555,2.313950683004825,,,0.13456035216156986,,,2.45104760775634,2,0.29360394578251403,20.497476629559475,0.13649230732273834,,0.8914321055377931,1.5456594809499682,1,0.21377783560803676,35.302696853682406,analysis:463051641142459465
